SEG,START,END
SYSTEM,128,136
SYSTEM,136,144
C_OBJ#,144,152
C_OBJ#,152,160
C_OBJ#,160,168
I_OBJ#,168,176
C_TS#,176,184
I_TS#,184,192
C_FILE#_BLOCK#,192,200
I_FILE#_BLOCK#,200,208
C_USER#,208,216
I_USER#,216,224
UNDO$,224,232
FILE$,232,240
OBJ$,240,248
PROXY_DATA$,248,256
I_PROXY_DATA$,256,264
PROXY_ROLE_DATA$,264,272
I_PROXY_ROLE_DATA$_1,272,280
I_PROXY_ROLE_DATA$_2,280,288
CON$,288,296
C_COBJ#,296,304
I_COBJ#,304,312
I_TAB1,312,320
I_UNDO1,320,328
I_UNDO2,328,336
I_OBJ1,336,344
I_OBJ2,344,352
I_OBJ3,352,360
I_OBJ4,360,368
I_OBJ5,368,376
I_IND1,376,384
I_ICOL1,384,392
I_FILE1,392,400
I_FILE2,400,408
I_TS1,408,416
I_USER1,416,424
I_USER2,424,432
I_COL1,432,440
I_COL2,440,448
I_COL3,448,456
I_CON1,456,464
I_CON2,464,472
I_CDEF1,472,480
I_CDEF2,480,488
I_CDEF3,488,496
I_CDEF4,496,504
I_CCOL1,504,512
I_CCOL2,512,520
BOOTSTRAP$,520,528
SYSTEM,528,536
SYSTEM,536,544
SYSTEM,544,552
SYSTEM,552,560
OBJERROR$,560,568
OBJAUTH$,568,576
I_OBJAUTH1,576,584
I_OBJAUTH2,584,592
UGROUP$,592,600
I_UGROUP1,600,608
I_UGROUP2,608,616
SYN$,616,624
VIEW$,624,632
TYPED_VIEW$,632,640
SUPEROBJ$,640,648
I_SUPEROBJ1,648,656
I_SUPEROBJ2,656,664
SEQ$,664,672
I_VIEW1,672,680
I_TYPED_VIEW1,680,688
I_SYN1,688,696
I_SYN2,696,704
I_SEQ1,704,712
I_LOB1,712,720
I_LOB2,720,728
I_COLTYPE1,728,736
I_COLTYPE2,736,744
I_SUBCOLTYPE1,744,752
I_NTAB1,752,760
I_NTAB2,760,768
I_NTAB3,768,776
I_REFCON1,776,784
I_REFCON2,784,792
I_OPQTYPE1,792,800
PROPS$,800,808
EDITION$,808,816
FIXED_OBJ$,816,824
I_FIXED_OBJ$_OBJ#,824,832
MIGRATE$,832,840
DEPENDENCY$,840,848
ACCESS$,848,856
I_DEPENDENCY1,856,864
I_DEPENDENCY2,864,872
I_ACCESS1,872,880
VIEWCON$,880,888
SYS_LOB0000000109C00005$$,888,896
SYS_IL0000000109C00005$$,896,904
I_VIEWCON1,904,912
I_VIEWCON2,912,920
I_ICOLDEP$_OBJ,920,928
DUAL,928,936
SYSAUTH$,936,944
OBJPRIV$,944,952
DEFROLE$,952,960
I_SYSAUTH1,960,968
I_DEFROLE1,968,976
ECOL$,976,984
SYS_LOB0000000123C00003$$,984,992
SYS_IL0000000123C00003$$,992,1000
ECOL_IX1,1000,1008
EV$,1008,1016
I_EV1,1016,1024
I_EV2,1024,1032
EVCOL$,1032,1040
I_EVCOL1,1040,1048
DEFERRED_STG$,1048,1056
I_DEFERRED_STG1,1056,1064
SQLERROR$,1064,1072
LINK$,1072,1080
TRUSTED_LIST$,1080,1088
COM$,1088,1096
I_LINK1,1096,1104
I_COM1,1104,1112
DUC$,1112,1120
I_DUC,1120,1128
RECYCLEBIN$,1128,1136
RECYCLEBIN$_OBJ,1136,1144
RECYCLEBIN$_TS,1144,1152
RECYCLEBIN$_OWNER,1152,1160
IND_ONLINE$,1160,1168
CONTEXT$,1168,1176
I_CONTEXT,1176,1184
SQL_VERSION$,1184,1192
I_SQL_VERSION$_VERSION#,1192,1200
JIJOIN$,1200,1208
I_JIJOIN$,1208,1216
I2_JIJOIN$,1216,1224
I3_JIJOIN$,1224,1232
JIREFRESHSQL$,1232,1240
SYS_LOB0000000155C00003$$,1240,1248
SYS_IL0000000155C00003$$,1248,1256
I1_JIREFRESHSQL$,1256,1264
I2_JIREFRESHSQL$,1264,1272
TRIGGER$,1272,1280
TRIGGERCOL$,1280,1288
I_TRIGGER1,1288,1296
I_TRIGGER2,1296,1304
I_TRIGGERCOL1,1304,1312
I_TRIGGERCOL2,1312,1320
TRIGGERJAVAF$,1320,1328
TRIGGERJAVAS$,1328,1336
TRIGGERJAVAC$,1336,1344
TRIGGERJAVAM$,1344,1352
I_TRIGGERJAVAF,1352,1360
I_TRIGGERJAVAS,1360,1368
I_TRIGGERJAVAC,1368,1376
I_TRIGGERJAVAM,1376,1384
I_VIEWTRCOL1,1384,1392
TRIGGERDEP$,1392,1400
TRIGGERDEPIND$,1400,1408
INDREBUILD$,1408,1416
I_INDREBUILD1,1416,1424
COMPRESSION$,1424,1432
SYS_LOB0000000182C00017$$,1432,1440
SYS_IL0000000182C00017$$,1440,1448
I_COMPRESSION1,1448,1456
TRANSIENT_IOT$,1456,1464
OBJECT_USAGE,1464,1472
I_STATS_OBJ#,1472,1480
PROCEDURE$,1480,1488
PROCEDUREINFO$,1488,1496
ARGUMENT$,1496,1504
SOURCE$,1504,1512
IDL_UB1$,1512,1520
IDL_CHAR$,1520,1528
IDL_UB2$,1528,1536
IDL_SB4$,1536,1544
ERROR$,1544,1552
SETTINGS$,1552,1560
I_PROCEDURE1,1560,1568
I_PROCEDUREINFO1,1568,1576
I_ARGUMENT1,1576,1584
I_ARGUMENT2,1584,1592
I_SOURCE1,1592,1600
I_IDL_UB11,1600,1608
I_IDL_CHAR1,1608,1616
I_IDL_UB21,1616,1624
I_IDL_SB41,1624,1632
I_ERROR1,1632,1640
I_SETTINGS1,1640,1648
NCOMP_DLL$,1648,1656
SYS_IL0000000242C00003$$,1656,1664
NATIVE_COMP_SHARED_OBJECTS,1664,1792
I_NCOMP_DLL1,1792,1800
PROCEDUREJAVA$,1800,1808
I_PROCEDUREJAVA$,1808,1816
PROCEDUREC$,1816,1824
I_PROCEDUREC$,1824,1832
PROCEDUREPLSQL$,1832,1840
I_PROCEDUREPLSQL$,1840,1848
WARNING_SETTINGS$,1848,1856
I_WARNING_SETTINGS,1856,1864
DIANA_VERSION$,1864,1872
I_DIANA_VERSION,1872,1880
PENDING_TRANS$,1880,1888
I_PENDING_TRANS1,1888,1896
PENDING_SESSIONS$,1896,1904
PENDING_SUB_SESSIONS$,1904,1912
C_FILE#_BLOCK#,1912,1920
SMON_SCN_TO_TIME_AUX_IDX,1920,1928
MAP_FILE$,1928,1936
MAP_FILE_EXTENT$,1936,1944
MAP_SUBELEMENT$,1944,1952
MAP_ELEMENT$,1952,1960
MAP_EXTELEMENT$,1960,1968
MAP_COMPLIST$,1968,1976
PROFILE$,1976,1984
PROFNAME$,1984,1992
RESOURCE_COST$,1992,2000
I_PROFNAME,2000,2008
I_PROFILE,2008,2016
JOB$,2016,2024
I_JOB_JOB,2024,2032
I_JOB_NEXT,2032,2040
RESOURCE_MAP,2040,2048
USER_ASTATUS_MAP,2048,2056
RESOURCE_PLAN$,2056,2064
RESOURCE_CONSUMER_GROUP$,2064,2072
RESOURCE_CATEGORY$,2072,2080
RESOURCE_PLAN_DIRECTIVE$,2080,2088
RESOURCE_GROUP_MAPPING$,2088,2096
RESOURCE_MAPPING_PRIORITY$,2096,2104
RESOURCE_STORAGE_POOL_MAPPING$,2104,2112
RESOURCE_CAPABILITY$,2112,2120
RESOURCE_INSTANCE_CAPABILITY$,2120,2128
RESOURCE_IO_CALIBRATE$,2128,2136
SERVICE$,2136,2144
I_COL1,2144,2152
_default_auditing_options_,2152,2160
AUDIT$,2160,2168
I_AUDIT,2168,2176
SYSTEM_PRIVILEGE_MAP,2176,2184
I_SYSTEM_PRIVILEGE_MAP,2184,2192
TABLE_PRIVILEGE_MAP,2192,2200
I_TABLE_PRIVILEGE_MAP,2200,2208
STMT_AUDIT_OPTION_MAP,2208,2216
I_STMT_AUDIT_OPTION_MAP,2216,2224
USER_HISTORY$,2224,2232
RLS$,2232,2240
I_RLS,2240,2248
I_RLS2,2248,2256
RLS_SC$,2256,2264
I_RLS_SC,2264,2272
RLS_GRP$,2272,2280
I_RLS_GRP,2280,2288
RLS_CTX$,2288,2296
I_RLS_CTX,2296,2304
RADM$,2304,2312
I_RADM1,2312,2320
I_RADM2,2320,2328
RADM_MC$,2328,2336
I_RADM_MC1,2336,2344
I_RADM_MC2,2344,2352
RADM_FPTM$,2352,2360
I_RADM_FPTM,2360,2368
RADM_TD$,2368,2376
I_RADM_TD1,2376,2384
I_RADM_TD2,2384,2392
RADM_CD$,2392,2400
I_RADM_CD1,2400,2408
I_RADM_CD2,2408,2416
I_RADM_CD3,2416,2424
AUD$,2424,2432
SYS_LOB0000000407C00040$$,2432,2440
SYS_IL0000000407C00040$$,2440,2448
SYS_LOB0000000407C00041$$,2448,2456
SYS_IL0000000407C00041$$,2456,2464
FGA$,2464,2472
I_FGA,2472,2480
I_FGAP,2480,2488
FGACOL$,2488,2496
I_FGACOL,2496,2504
FGA_LOG$,2504,2512
SYS_LOB0000000417C00013$$,2512,2520
SYS_IL0000000417C00013$$,2520,2528
SYS_LOB0000000417C00028$$,2528,2536
SYS_IL0000000417C00028$$,2536,2544
APPROLE$,2544,2552
I_APPROLE,2552,2560
ENC$,2560,2568
ENC_IDX,2568,2576
PROXY_INFO$,2576,2584
I_PROXY_INFO$,2584,2592
PROXY_ROLE_INFO$,2592,2600
I_PROXY_ROLE_INFO$_1,2600,2608
I_PROXY_ROLE_INFO$_2,2608,2616
XS$VERIFIERS,2616,2624
I_XS$VERIFIERS1,2624,2632
I_XS$SESSIONS1,2632,2640
XS$SESSIONS_I1,2640,2648
XS$SESSION_ROLES_I1,2648,2656
XS$SESSION_APPNS_I1,2656,2664
XS$PARAMETERS,2664,2672
DEFAULT_PWD$,2672,2680
I_DEFAULT_PWD,2680,2688
C_OBJ#_INTCOL#,2688,2816
C_OBJ#_INTCOL#,2816,2944
I_OBJ#_INTCOL#,2944,2952
I_H_OBJ#_COL#,2952,2960
HIST_HEAD$,2960,2968
HIST_HEAD$,2968,2976
HIST_HEAD$,2976,2984
HIST_HEAD$,2984,2992
HIST_HEAD$,2992,3000
HIST_HEAD$,3000,3008
C_COBJ#,3008,3016
I_HH_OBJ#_COL#,3016,3024
I_HH_OBJ#_INTCOL#,3024,3032
AUX_STATS$,3032,3040
I_AUX_STATS$,3040,3048
TAB_STATS$,3048,3056
I_TAB_STATS$_OBJ#,3056,3064
IND_STATS$,3064,3072
I_IND_STATS$_OBJ#,3072,3080
CACHE_STATS_1$,3080,3088
I_CACHE_STATS_1,3088,3096
CACHE_STATS_0$,3096,3104
I_CACHE_STATS_0,3104,3112
ASSOCIATION$,3112,3120
ASSOC1,3120,3128
ASSOC2,3128,3136
USTATS$,3136,3144
USTATS1,3144,3152
OL$,3152,3160
OL$NAME,3160,3168
OL$SIGNATURE,3168,3176
OL$HINTS,3176,3184
SYS_LOB0000000474C00021$$,3184,3192
SYS_IL0000000474C00021$$,3192,3200
OL$HNT_NUM,3200,3208
OL$NODES,3208,3216
OL$NODE_OL_NAME,3216,3224
COL_USAGE$,3224,3232
COL_USAGE$,3232,3240
COL_USAGE$,3240,3248
COL_USAGE$,3248,3256
I_COL_USAGE$,3256,3264
COL_GROUP_USAGE$,3264,3272
COL_GROUP_USAGE$,3272,3280
COL_GROUP_USAGE$,3280,3288
COL_GROUP_USAGE$,3288,3296
PK_COL_GROUP_USAGE$,3296,3304
MON_MODS$,3304,3312
MON_MODS$,3312,3320
MON_MODS$,3320,3328
MON_MODS$,3328,3336
C_OBJ#,3336,3344
I_MON_MODS$_OBJ,3344,3352
MON_MODS_ALL$,3352,3360
MON_MODS_ALL$,3360,3368
MON_MODS_ALL$,3368,3376
MON_MODS_ALL$,3376,3384
I_MON_MODS_ALL$_OBJ,3384,3392
OPTSTAT_HIST_CONTROL$,3392,3400
OPTSTAT_USER_PREFS$,3400,3408
I_USER_PREFS$,3408,3416
DIR$,3416,3424
I_DIR1,3424,3432
I_ATTRCOL1,3432,3440
ID_GENS$,3440,3448
OID$,3448,3456
I_OID1,3456,3464
C_TOID_VERSION#,3464,3472
I_TOID_VERSION#,3472,3480
I_TYPE1,3480,3488
I_TYPE2,3488,3496
I_TYPE3,3496,3504
I_TYPE4,3504,3512
I_TYPE5,3512,3520
TYPEHIERARCHY$,3520,3528
I_TYPEHIERARCHY1,3528,3536
COLLIND,3536,3544
COLLELEMIND,3544,3552
I_ATTRIBUTE1,3552,3560
I_ATTRIBUTE2,3560,3568
I_METHOD1,3568,3576
I_PARAMETER1,3576,3584
I_PARAMETER2,3584,3592
PARAMIND,3592,3600
I_RESULT1,3600,3608
RESULTIND,3608,3616
KOTTD$,3616,3624
SYS_LOB0000000543C00002$$,3624,3632
SYS_IL0000000543C00002$$,3632,3640
SYS_C00664,3640,3648
KOTTB$,3648,3656
SYS_LOB0000000547C00002$$,3656,3664
SYS_IL0000000547C00002$$,3664,3672
SYS_C00665,3672,3680
KOTAD$,3680,3688
SYS_LOB0000000551C00002$$,3688,3696
SYS_IL0000000551C00002$$,3696,3704
SYS_C00666,3704,3712
KOTMD$,3712,3720
SYS_LOB0000000555C00002$$,3720,3728
SYS_IL0000000555C00002$$,3728,3736
SYS_C00667,3736,3744
KOTTBX$,3744,3752
SYS_LOB0000000559C00002$$,3752,3760
SYS_IL0000000559C00002$$,3760,3768
SYS_C00668,3768,3776
KOTADX$,3776,3784
SYS_LOB0000000563C00002$$,3784,3792
SYS_IL0000000563C00002$$,3792,3800
SYS_C00669,3800,3808
KOPM$,3808,3816
I_KOPM1,3816,3824
VTABLE$,3824,3832
OPBINDING$,3832,3840
OPBIND1,3840,3848
OPANCILLARY$,3848,3856
OPANC1,3856,3864
OPARG$,3864,3872
OPARG1,3872,3880
OPERATOR$,3880,3888
OPER1,3888,3896
C_FILE#_BLOCK#,3896,3904
INDTYPES$,3904,3912
INDOP$,3912,3920
INDARRAYTYPE$,3920,3928
SECOBJ$,3928,3936
JAVAOBJ$,3936,3944
I_JAVAOBJ1,3944,3952
JAVASNM$,3952,3960
I_JAVASNM1,3960,3968
PARTOBJ$,3968,3976
I_PARTOBJ$,3976,3984
PARTCOL$,3984,3992
I_PARTCOL$,3992,4000
TABPART$,4000,4008
SYS_LOB0000000591C00026$$,4008,4016
SYS_IL0000000591C00026$$,4016,4024
I_TABPART_BOPART$,4024,4032
I_TABPART_OBJ$,4032,4040
INDPART$,4040,4048
SYS_LOB0000000596C00028$$,4048,4056
SYS_IL0000000596C00028$$,4056,4064
I_INDPART_BOPART$,4064,4072
I_INDPART_OBJ$,4072,4080
SUBPARTCOL$,4080,4088
I_SUBPARTCOL$,4088,4096
TABSUBPART$,4096,4104
SYS_LOB0000000603C00026$$,4104,4112
SYS_IL0000000603C00026$$,4112,4120
I_TABSUBPART_POBJSUBPART$,4120,4128
I_TABSUBPART$_OBJ$,4128,4136
INDSUBPART$,4136,4144
SYS_LOB0000000608C00026$$,4144,4152
SYS_IL0000000608C00026$$,4152,4160
I_INDSUBPART_POBJSUBPART$,4160,4168
I_INDSUBPART_OBJ$,4168,4176
TABCOMPART$,4176,4184
SYS_LOB0000000613C00034$$,4184,4192
SYS_IL0000000613C00034$$,4192,4200
I_TABCOMPART_BOPART$,4200,4208
I_TABCOMPART$,4208,4216
INDCOMPART$,4216,4224
SYS_LOB0000000618C00034$$,4224,4232
SYS_IL0000000618C00034$$,4232,4240
I_INDCOMPART_BOPART$,4240,4248
I_INDCOMPART$,4248,4256
PARTLOB$,4256,4264
LOBFRAG$,4264,4272
I_LOBFRAG_PARENTOBJFRAG$,4272,4280
I_LOBFRAG$_FRAGOBJ$,4280,4288
LOBCOMPPART$,4288,4296
I_LOBCOMPPART_LOBJPART$,4296,4304
I_LOBCOMPPART$_PARTOBJ$,4304,4312
DEFSUBPART$,4312,4320
SYS_LOB0000000630C00008$$,4320,4328
SYS_IL0000000630C00008$$,4328,4336
I_DEFSUBPART$,4336,4344
DEFSUBPARTLOB$,4344,4352
I_DEFSUBPARTLOB$,4352,4360
INDPART_PARAM$,4360,4368
I_INDPART_PARAM,4368,4376
INSERT_TSN_LIST$,4376,4384
SUMPARTLOG$,4384,4392
C_OBJ#,4392,4400
I_SUMPARTLOG$,4400,4408
I_SUMPARTLOG$_BOPART$,4408,4416
SUMDELTA$,4416,4424
I_SUMDELTA$,4424,4432
SNAP_LOGDEP$,4432,4440
I_SNAP_LOGDEP1,4440,4448
SNAP_LOADERTIME$,4448,4456
I_SNAP_LOADERTIME1,4456,4464
C_MLOG#,4464,4472
I_MLOG#,4472,4480
SNAP_XCMT$,4480,4488
I_SLOG1,4488,4496
SNAP$,4496,4504
SYS_LOB0000000654C00048$$,4504,4512
SYS_IL0000000654C00048$$,4512,4520
SYS_LOB0000000654C00049$$,4520,4528
SYS_IL0000000654C00049$$,4528,4536
I_SNAP1,4536,4544
I_SNAP2,4544,4552
SNAP_REFTIME$,4552,4560
I_SNAP_REFTIME1,4560,4568
OBJ$,4568,4576
MLOG_REFCOL$,4576,4584
I_MLOG_REFCOL1,4584,4592
SNAP_REFOP$,4592,4600
I_SNAP_REFOP1,4600,4608
SNAP_COLMAP$,4608,4616
I_SNAP_COLMAP1,4616,4624
SNAP_OBJCOL$,4624,4632
I_SNAP_OBJCOL1,4632,4640
REG_SNAP$,4640,4648
I_REG_SNAP1,4648,4656
I_REG_SNAP2,4656,4664
SNAP_SITE$,4664,4672
I_SNAP_SITE1,4672,4680
C_RG#,4680,4688
I_RG#,4688,4696
I_COL2,4696,4704
I_RGROUP,4704,4712
I_RGREF,4712,4720
I_RGJOB,4720,4728
I_RGCHILD,4728,4736
CDC_SYSTEM$,4736,4744
CDC_CHANGE_SOURCES$,4744,4752
I_CDC_CHANGE_SOURCES$,4752,4760
CDC_CHANGE_SETS$,4760,4768
I_CDC_CHANGE_SETS$,4768,4776
CDC_CHANGE_TABLES$,4776,4784
I_CDC_CHANGE_TABLES$,4784,4792
CDC_SUBSCRIBERS$,4792,4800
I_CDC_SUBSCRIBERS$,4800,4808
CDC_SUBSCRIBED_TABLES$,4808,4816
I_CDC_SUBSCRIBED_TABLES$,4816,4824
CDC_SUBSCRIBED_COLUMNS$,4824,4832
I_CDC_SUBSCRIBED_COLUMNS$,4832,4840
CDC_CHANGE_COLUMNS$,4840,4848
I_CDC_CHANGE_COLUMNS$,4848,4856
CDC_PROPAGATIONS$,4856,4864
I_CDC_PROPAGATIONS$,4864,4872
CDC_PROPAGATED_SETS$,4872,4880
I_CDC_PROPAGATED_SETS$,4880,4888
STREAMS$_SPLIT_MERGE,4888,4896
I_COL3,4896,4904
I_STREAMS_SPLIT_MERGE,4904,4912
STREAMS$_CAPTURE_SERVER,4912,4920
I_STREAMS_CAPTURE_SERVER,4920,4928
STREAMS$_CAPTURE_PROCESS,4928,4936
I_STREAMS_CAPTURE_PROCESS1,4936,4944
I_STREAMS_CAPTURE_PROCESS2,4944,4952
STREAMS$_APPLY_PROCESS,4952,4960
I_STREAMS_APPLY_PROCESS1,4960,4968
I_STREAMS_APPLY_PROCESS2,4968,4976
I_STREAMS_APPLY_PROCESS3,4976,4984
STREAMS$_PROPAGATION_PROCESS,4984,4992
I_COL1,4992,5000
STREAMS$_PROP_P_I1,5000,5008
STREAMS$_PROP_P_I2,5008,5016
STREAMS$_PROCESS_PARAMS,5016,5024
I_STREAMS_PROCESS_PARAMS1,5024,5032
STREAMS$_EXTRA_ATTRS,5032,5040
I_STREAMS_EXTRA_ATTRS1,5040,5048
STREAMS$_PREPARE_OBJECT,5048,5056
I_STREAMS_PREPARE1,5056,5064
STREAMS$_PREPARE_DDL,5064,5072
I_STREAMS_PREPARE_DDL,5072,5080
STREAMS$_APPLY_MILESTONE,5080,5088
I_STREAMS_APPLY_MILESTONE1,5088,5096
STREAMS$_KEY_COLUMNS,5096,5104
I_STREAMS_KEY_COLUMNS,5104,5112
STREAMS$_DEF_PROC,5112,5120
SYS_LOB0000000738C00013$$,5120,5128
SYS_IL0000000738C00013$$,5128,5136
SYS_LOB0000000738C00014$$,5136,5144
SYS_IL0000000738C00014$$,5144,5152
SYS_LOB0000000738C00015$$,5152,5160
SYS_IL0000000738C00015$$,5160,5168
STREAMS$_RULES,5168,5176
I_STREAMS_RULES1,5176,5184
I_STREAMS_RULES2,5184,5192
APPLY$_SOURCE_OBJ,5192,5200
I_APPLY_SOURCE_OBJ1,5200,5208
I_APPLY_SOURCE_OBJ2,5208,5216
APPLY$_SOURCE_SCHEMA,5216,5224
I_APPLY_SOURCE_SCHEMA1,5224,5232
APPLY$_VIRTUAL_OBJ_CONS,5232,5240
I_APPLY_VIRTUAL_OBJ_CONS,5240,5248
APPLY$_CONSTRAINT_COLUMNS,5248,5256
APPLY$_CONSTRAINT_COLUMNS_UIX1,5256,5264
APPLY$_CONSTRAINT_COLUMNS_IDX1,5264,5272
APPLY$_DEST_OBJ,5272,5280
I_APPLY_DEST_OBJ1,5280,5288
I_APPLY_DEST_OBJ2,5288,5296
I_APPLY_DEST_OBJ3,5296,5304
APPLY$_DEST_OBJ_CMAP,5304,5312
I_APPLY_DEST_OBJ_CMAP1,5312,5320
APPLY$_DEST_OBJ_OPS,5320,5328
I_APPLY_DEST_OBJ_OPS1,5328,5336
STREAMS$_STMT_HANDLERS,5336,5344
I_STREAMS_STMT_HANDLERS,5344,5352
I_OBJ2,5352,5360
I_OBJ5,5360,5368
I_STREAMS_STMT_HANDLER_IDS,5368,5376
STREAMS$_STMT_HANDLER_STMTS,5376,5384
SYS_LOB0000000772C00002$$,5384,5392
SYS_IL0000000772C00002$$,5392,5400
I_STREAMS_STMT_HANDLER_STMTS,5400,5408
APPLY$_CHANGE_HANDLERS,5408,5416
I_APPLY_CHANGE_HANDLERS,5416,5424
C_OBJ#,5424,5432
APPLY$_ERROR_TXN,5432,5440
APPLY$_ERROR_HANDLER,5440,5448
APPLY$_ERROR_HANDLER_UNQ,5448,5456
APPLY$_CONF_HDLR_COLUMNS,5456,5464
APPLY$_CONF_HDLR_COLUMNS_UNQ1,5464,5472
APPLY$_CONF_HDLR_COLUMNS_UNQ2,5472,5480
APPLY$_TABLE_STATS,5480,5488
APPLY$_TABLE_STATS_I,5488,5496
APPLY$_COORDINATOR_STATS,5496,5504
APPLY$_COORDINATOR_STATS_I,5504,5512
APPLY$_SERVER_STATS,5512,5520
APPLY$_SERVER_STATS_I,5520,5528
APPLY$_READER_STATS,5528,5536
APPLY$_READER_STATS_I,5536,5544
APPLY$_BATCH_SQL_STATS,5544,5552
APPLY$_BATCH_SQL_STATS_I,5552,5560
STREAMS$_DEST_OBJS,5560,5568
STREAMS$_DEST_OBJS_I,5568,5576
STREAMS$_DEST_OBJ_COLS,5576,5584
STREAMS$_DEST_OBJ_COLS_I,5584,5592
STREAMS$_PRIVILEGED_USER,5592,5600
I_STREAMS_PRIVILEGED_USER1,5600,5608
STREAMS$_MESSAGE_RULES,5608,5616
I_STREAMS_MESSAGE_RULES,5616,5624
STREAMS$_MESSAGE_CONSUMERS,5624,5632
I_STREAMS_MESSAGE_CONSUMERS,5632,5640
FGR$_FILE_GROUPS,5640,5648
I_FGR$_FILE_GROUPS1,5648,5656
FGR$_FILE_GROUP_VERSIONS,5656,5664
I_FGR$_FILE_GROUP_VERSIONS1,5664,5672
I_FGR$_FILE_GROUP_VERSIONS2,5672,5680
I_FGR$_FILE_GROUP_VERSIONS3,5680,5688
FGR$_FILE_GROUP_EXPORT_INFO,5688,5696
I_FGR$_FILE_GROUP_EXPORT_INFO1,5696,5704
FGR$_FILE_GROUP_FILES,5704,5712
I_FGR$_FILE_GROUP_FILES1,5712,5720
I_FGR$_FILE_GROUP_FILES2,5720,5728
FGR$_TABLESPACE_INFO,5728,5736
I_FGR$_TABLESPACE_INFO1,5736,5744
I_FGR$_TABLESPACE_INFO2,5744,5752
FGR$_TABLE_INFO,5752,5760
I_FGR$_TABLE_INFO1,5760,5768
I_FGR$_TABLE_INFO2,5768,5776
I_FGR$_TABLE_INFO3,5776,5784
REDEF$,5784,5792
UI_REDEF_ID$,5792,5800
UI_REDEF_NAME$,5800,5808
REDEF_OBJECT$,5808,5816
I_REDEF_OBJECT$,5816,5824
REDEF_DEP_ERROR$,5824,5832
SYS_LOB0000000836C00007$$,5832,5840
SYS_IL0000000836C00007$$,5840,5848
I_REDEF_DEP_ERROR$,5848,5856
RULESET$,5856,5864
LOG$,5864,5872
C_FILE#_BLOCK#,5872,5880
XSTREAM$_SERVER,5880,5888
I_XSTREAM_SERVER1,5888,5896
I_XSTREAM_SERVER2,5896,5904
XSTREAM$_SUBSET_RULES,5904,5912
I_XSTREAM_SUBSET_RULES,5912,5920
XSTREAM$_SYSGEN_OBJS,5920,5928
I_XSTREAM_SYSGEN_OBJS1,5928,5936
I_XSTREAM_SYSGEN_OBJS2,5936,5944
XSTREAM$_PARAMETERS,5944,5952
SYS_LOB0000000890C00011$$,5952,5960
SYS_IL0000000890C00011$$,5960,5968
SYS_LOB0000000890C00020$$,5968,5976
SYS_IL0000000890C00020$$,5976,5984
I_XSTREAM_PARAMETERS,5984,5992
XSTREAM$_DML_CONFLICT_HANDLER,5992,6000
SYS_LOB0000000897C00007$$,6000,6008
SYS_IL0000000897C00007$$,6008,6016
SYS_LOB0000000897C00024$$,6016,6024
SYS_IL0000000897C00024$$,6024,6032
I_XSTREAM_DML_CONF_HANDLER1,6032,6040
I_XSTREAM_DML_CONF_HANDLER2,6040,6048
XSTREAM$_DML_CONFLICT_COLUMNS,6048,6056
SYS_LOB0000000904C00011$$,6056,6064
SYS_IL0000000904C00011$$,6064,6072
I_XSTREAM_DML_CONFLICT_COLS1,6072,6080
XSTREAM$_REPERROR_HANDLER,6080,6088
SYS_LOB0000000908C00019$$,6088,6096
SYS_IL0000000908C00019$$,6096,6104
I_XSTREAM_REPERROR_HANDLER1,6104,6112
XSTREAM$_HANDLE_COLLISIONS,6112,6120
SYS_LOB0000000912C00016$$,6120,6128
SYS_IL0000000912C00016$$,6128,6136
C_OBJ#,6136,6144
I_XSTREAM_HANDLE_COLLISIONS1,6144,6152
XSTREAM$_SERVER_CONNECTION,6152,6160
I_XSTREAM_SERVER_CONNECTION1,6160,6168
XSTREAM$_DDL_CONFLICT_HANDLER,6168,6176
SYS_LOB0000000918C00003$$,6176,6184
SYS_IL0000000918C00003$$,6184,6192
SYS_LOB0000000918C00004$$,6192,6200
SYS_IL0000000918C00004$$,6200,6208
SYS_LOB0000000918C00005$$,6208,6216
SYS_IL0000000918C00005$$,6216,6224
SYS_LOB0000000918C00012$$,6224,6232
SYS_IL0000000918C00012$$,6232,6240
SYS_LOB0000000918C00013$$,6240,6248
SYS_IL0000000918C00013$$,6248,6256
I_XSTREAM_DDL_CONFLICT_HDLR1,6256,6264
XSTREAM$_MAP,6264,6272
SYS_LOB0000000930C00006$$,6272,6280
SYS_IL0000000930C00006$$,6280,6288
SYS_LOB0000000930C00007$$,6288,6296
SYS_IL0000000930C00007$$,6296,6304
SYS_LOB0000000930C00015$$,6304,6312
SYS_IL0000000930C00015$$,6312,6320
SYS_LOB0000000930C00016$$,6320,6328
SYS_IL0000000930C00016$$,6328,6336
I_XSTREAM_MAP1,6336,6344
GOLDENGATE$_PRIVILEGES,6344,6352
GOLDENGATE$_PRIVILEGES_I,6352,6360
XSTREAM$_PRIVILEGES,6360,6368
I_XSTREAM_PRIVILEGES,6368,6376
OLAP_MAPPINGS$,6376,6384
I_OLAP_MAPPINGS$,6384,6392
OLAP_MODELS$,6392,6400
I_OLAP_MODELS$,6400,6408
OLAP_MODEL_PARENTS$,6408,6416
I_OLAP_MODEL_PARENTS$,6416,6424
OLAP_MODEL_ASSIGNMENTS$,6424,6432
I_OLAP_MODEL_ASSIGNMENT$,6432,6440
OLAP_CALCULATED_MEMBERS$,6440,6448
I_OLAP_CALCULATED_MEMBERS$,6448,6456
OLAP_SYNTAX$,6456,6464
SYS_LOB0000000985C00005$$,6464,6472
SYS_IL0000000985C00005$$,6472,6480
I_OLAP_SYNTAX$,6480,6488
OLAP_DESCRIPTIONS$,6488,6496
I_OLAP_DESCRIPTION$,6496,6504
OLAP_CUBE_BUILD_PROCESSES$,6504,6512
I_OLAP_CUBE_BUILD_PROCESSES$,6512,6520
OLAP_AW_VIEWS$,6520,6528
I_OLAP_AW_VIEWS$,6528,6536
OLAP_AW_VIEW_COLUMNS$,6536,6544
I_OLAP_AW_VIEW_COLUMNS$,6544,6552
OLAP_MEASURE_FOLDERS$,6552,6560
I_OLAP_MEASURE_FOLDERS$,6560,6568
OLAP_MEAS_FOLDER_CONTENTS$,6568,6576
I_OLAP_MEAS_FOLDER_CONTENTS$,6576,6584
OLAP_AW_DEPLOYMENT_CONTROLS$,6584,6592
OLAP_IMPL_OPTIONS$,6592,6600
I_OLAP_IMPL_OPTIONS$,6600,6608
OLAP_MULTI_OPTIONS$,6608,6616
I_OLAP_MULTI_OPTIONS,6616,6624
OLAP_CUBE_DIMENSIONS$,6624,6632
I_OLAP_CUBE_DIMENSIONS$,6632,6640
OLAP_DIM_LEVELS$,6640,6648
I_OLAP_DIM_LEVELS$,6648,6656
OLAP_ATTRIBUTES$,6656,6664
I_OLAP_ATTRIBUTES$,6664,6672
OLAP_ATTRIBUTE_VISIBILITY$,6672,6680
I_OLAP_ATTRIBUTE_VISIBILITY$,6680,6688
OLAP_HIERARCHIES$,6688,6696
I_OLAP_HIERARCHIES$,6696,6704
OLAP_HIER_LEVELS$,6704,6712
I_OLAP_HIER_LEVELS$,6712,6720
OLAP_CUBES$,6720,6728
I_OLAP_CUBES$,6728,6736
OLAP_MEASURES$,6736,6744
C_COBJ#,6744,6752
I_OLAP_MEASURES_INDEX$,6752,6760
OLAP_DIMENSIONALITY$,6760,6768
I_OLAP_DIMENSIONALITY$,6768,6776
OLAP_TAB$,6776,6784
I_OLAP_TAB$,6784,6792
OLAP_TAB_COL$,6792,6800
I_OLAP_TAB_COL$,6800,6808
OLAP_TAB_HIER$,6808,6816
I_OLAP_TAB_HIER$,6816,6824
SUM$,6824,6832
SYS_LOB0000001030C00030$$,6832,6840
SYS_IL0000001030C00030$$,6840,6848
SYS_LOB0000001030C00031$$,6848,6856
SYS_IL0000001030C00031$$,6856,6864
I_SUM$_1,6864,6872
SUMDETAIL$,6872,6880
I_SUMDETAIL$_1,6880,6888
I_SUMDETAIL$_2,6888,6896
SUMINLINE$,6896,6904
I_SUMINLINE$_1,6904,6912
I_SUMINLINE$_2,6912,6920
I_SUMINLINE$_3,6920,6928
SUMKEY$,6928,6936
I_SUMKEY$_1,6936,6944
SUMAGG$,6944,6952
I_SUMAGG$_1,6952,6960
SUMJOIN$,6960,6968
I_SUMJOIN$_1,6968,6976
SUMDEP$,6976,6984
I_SUMDEP$_1,6984,6992
I_SUMDEP$_2,6992,7000
SUMPRED$,7000,7008
I_SUMPRED$_1,7008,7016
SUMQB$,7016,7024
I_SUMQB$_1,7024,7032
I_SUMQB$_2,7032,7040
I_SUMQB$_3,7040,7048
HIER$,7048,7056
I_HIER$_1,7056,7064
HIERLEVEL$,7064,7072
I_HIERLEVEL$_1,7072,7080
DIM$,7080,7088
I_DIM$_1,7088,7096
DIMLEVEL$,7096,7104
I_COL1,7104,7112
I_DIMLEVEL$_1,7112,7120
DIMLEVELKEY$,7120,7128
I_DIMLEVELKEY$_1,7128,7136
I_DIMLEVELKEY$_2,7136,7144
DIMJOINKEY$,7144,7152
I_DIMJOINKEY$_1,7152,7160
I_DIMJOINKEY$_2,7160,7168
DIMATTR$,7168,7176
I_DIMATTR$_1,7176,7184
I_DIMATTR$_2,7184,7192
INCEXP,7192,7200
I_INCEXP,7200,7208
INCVID,7208,7216
INCFIL,7216,7224
EXPACT$,7224,7232
NOEXP$,7232,7240
C_OBJ#,7240,7248
EXPPKGOBJ$,7248,7256
I_OBJTYPE,7256,7264
EXPPKGACT$,7264,7272
I_ACTPACKAGE,7272,7280
EXPDEPOBJ$,7280,7288
I_DEPENDOBJ,7288,7296
I_PARENTOBJ,7296,7304
EXPDEPACT$,7304,7312
I_ACTOBJ,7312,7320
EXPIMP_TTS_CT$,7320,7328
SYS_LOB0000001090C00003$$,7328,7336
SYS_IL0000001090C00003$$,7336,7344
I_CON1,7344,7352
METAVIEW$,7352,7360
I_METAVIEW$,7360,7368
METAFILTER$,7368,7376
I_METAFILTER$,7376,7384
METAXSL$,7384,7392
METAXSLPARAM$,7392,7400
I_METAXSLPARAM$,7400,7408
METASTYLESHEET,7408,7416
SYS_LOB0000001100C00003$$,7416,7424
SYS_IL0000001100C00003$$,7424,7432
METASCRIPT$,7432,7440
I_METASCRIPT1$,7440,7448
I_METASCRIPT2$,7448,7456
METASCRIPTFILTER$,7456,7464
I_METASCRIPTFILTER1$,7464,7472
I_METASCRIPTFILTER2$,7472,7480
METANAMETRANS$,7480,7488
I_METANAMETRANS1$,7488,7496
I_METANAMETRANS2$,7496,7504
METAPATHMAP$,7504,7512
I_METAPATHMAP$,7512,7520
IMPCALLOUTREG$,7520,7528
EXTERNAL_TAB$,7528,7536
SYS_LOB0000001115C00007$$,7536,7544
SYS_IL0000001115C00007$$,7544,7552
SYS_LOB0000001115C00008$$,7552,7560
SYS_IL0000001115C00008$$,7560,7568
I_EXTERNAL_TAB1$,7568,7576
EXTERNAL_LOCATION$,7576,7584
I_EXTERNAL_LOCATION1$,7584,7592
LOGMNRGGC_GTLO,7592,7600
LOGMNRGGC_GTLO_PK,7600,7608
LOGMNRGGC_I2GTLO,7608,7616
LOGMNRGGC_I3GTLO,7616,7624
LOGMNRGGC_GTCS,7624,7632
LOGMNRGGC_GTCS_PK,7632,7640
LOGMNRGGC_I2GTCS,7640,7648
LOGMNR_BUILDLOG,7648,7656
LOGMNR_BUILDLOG_PK,7656,7664
C_FILE#_BLOCK#,7664,7672
LOGMNR_PARAMETER$,7672,7680
LOGMNR_PARAMETER_INDX,7680,7688
LOGMNR_SESSION$,7688,7696
LOGMNR_SESSION_PK,7696,7704
LOGMNR_SESSION_UK1,7704,7712
LOGMNRG_SEED$,7712,7720
LOGMNRG_DICTIONARY$,7720,7728
LOGMNRG_OBJ$,7728,7736
LOGMNRG_TAB$,7736,7744
LOGMNRG_COL$,7744,7752
LOGMNRG_ATTRCOL$,7752,7760
LOGMNRG_TS$,7760,7768
LOGMNRG_IND$,7768,7776
LOGMNRG_USER$,7776,7784
LOGMNRG_TABPART$,7784,7792
LOGMNRG_TABSUBPART$,7792,7800
LOGMNRG_TABCOMPART$,7800,7808
LOGMNRG_TYPE$,7808,7816
LOGMNRG_COLTYPE$,7816,7824
LOGMNRG_ATTRIBUTE$,7824,7832
LOGMNRG_LOB$,7832,7840
LOGMNRG_CDEF$,7840,7848
LOGMNRG_CCOL$,7848,7856
LOGMNRG_ICOL$,7856,7864
LOGMNRG_LOBFRAG$,7864,7872
LOGMNRG_INDPART$,7872,7880
LOGMNRG_INDSUBPART$,7880,7888
LOGMNRG_INDCOMPART$,7888,7896
C_OBJ#,7896,7904
LOGMNRG_LOGMNR_BUILDLOG,7904,7912
LOGMNRG_NTAB$,7912,7920
LOGMNRG_OPQTYPE$,7920,7928
LOGMNRG_SUBCOLTYPE$,7928,7936
LOGMNRG_KOPM$,7936,7944
LOGMNRG_PROPS$,7944,7952
LOGMNRG_ENC$,7952,7960
LOGMNRG_REFCON$,7960,7968
LOGMNRG_PARTOBJ$,7968,7976
DST$AFFECTED_TABLES,7976,7984
DST$ERROR_TABLE,7984,7992
DST$TRIGGER_TABLE,7992,8000
C_TOID_VERSION#,8000,8008
C_TOID_VERSION#,8008,8016
C_TOID_VERSION#,8016,8024
C_TOID_VERSION#,8024,8032
C_TOID_VERSION#,8032,8040
C_TOID_VERSION#,8040,8048
C_TOID_VERSION#,8048,8056
C_TOID_VERSION#,8056,8064
SYS_FBA_FA,8064,8072
SYS_C001496,8072,8080
SYS_C001497,8080,8088
SYS_FBA_TSFA,8088,8096
SYS_C001502,8096,8104
SYS_FBA_BARRIERSCN,8104,8112
SYS_C001507,8112,8120
SYS_FBA_TRACKEDTABLES,8120,8128
SYS_C001510,8128,8136
SYS_FBA_PARTITIONS,8136,8144
SYS_FBA_USERS,8144,8152
SYS_C001513,8152,8160
SYS_FBA_DL,8160,8168
SOURCE$,8168,8176
SOURCE$,8176,8184
I_SOURCE1,8184,8192
SOURCE$,8192,8200
IDL_CHAR$,8200,8208
IDL_CHAR$,8208,8216
IDL_UB2$,8216,8224
IDL_UB2$,8224,8232
IDL_UB2$,8232,8240
IDL_UB2$,8240,8248
IDL_UB2$,8248,8256
IDL_UB2$,8256,8264
IDL_UB2$,8264,8272
ARGUMENT$,8272,8280
IDL_UB2$,8280,8288
SOURCE$,8288,8296
I_ARGUMENT1,8296,8304
REGISTRY$,8304,8312
REGISTRY_PK,8312,8320
REGISTRY$SCHEMAS,8320,8328
REGISTRY_SCHEMA_PK,8328,8336
REGISTRY$LOG,8336,8344
REGISTRY$ERROR,8344,8352
SYS_LOB0000001319C00005$$,8352,8360
SYS_IL0000001319C00005$$,8360,8368
SYS_LOB0000001319C00006$$,8368,8376
SYS_IL0000001319C00006$$,8376,8384
REGISTRY$HISTORY,8384,8392
REGISTRY$PROGRESS,8392,8400
REGISTRY_PROGRESS_PK,8400,8408
REGISTRY$DEPENDENCIES,8408,8416
DEPENDENCIES_PK,8416,8424
REGISTRY$DATABASE,8424,8432
IDL_UB2$,8432,8440
SOURCE$,8440,8448
I_COL1,8448,8456
OBJ$,8456,8464
C_OBJ#,8464,8472
I_COL2,8472,8480
I_OBJ4,8480,8488
I_COL3,8488,8496
C_OBJ#,8496,8504
I_COL1,8504,8512
VIEW$,8512,8520
C_OBJ#,8520,8528
I_OBJ2,8528,8536
I_OBJ5,8536,8544
I_COL1,8544,8552
C_OBJ#,8552,8560
C_OBJ#,8560,8568
I_COL2,8568,8576
I_COL1,8576,8584
ACCESS$,8584,8592
I_COL3,8592,8600
C_OBJ#,8600,8608
VIEW$,8608,8616
OBJ$,8616,8624
C_OBJ#,8624,8632
I_COL1,8632,8640
I_COL1,8640,8648
VIEW$,8648,8656
I_COL2,8656,8664
I_DEPENDENCY2,8664,8672
I_OBJ1,8672,8680
I_OBJ2,8680,8688
I_OBJ5,8688,8696
I_COL3,8696,8704
C_OBJ#,8704,8832
DEPENDENCY$,8832,8840
I_COL1,8840,8848
I_COL1,8848,8856
VIEW$,8856,8864
OBJ$,8864,8872
ACCESS$,8872,8880
I_COL2,8880,8888
I_COL1,8888,8896
I_COL3,8896,8904
I_SYN2,8904,8912
VIEW$,8912,8920
I_COL1,8920,8928
I_DEPENDENCY1,8928,8936
VIEW$,8936,8944
VIEW$,8944,8952
VIEW$,8952,8960
COM$,8960,8968
I_DEPENDENCY2,8968,8976
VIEW$,8976,8984
ACCESS$,8984,8992
I_COL1,8992,9000
I_COM1,9000,9008
I_OBJ4,9008,9016
VIEW$,9016,9024
DEPENDENCY$,9024,9032
OBJ$,9032,9040
COM$,9040,9048
VIEW$,9048,9056
I_COL2,9056,9064
AUDIT_ACTIONS,9064,9072
I_AUDIT_ACTIONS,9072,9080
VIEW$,9080,9088
I_OBJ2,9088,9096
I_OBJ5,9096,9104
VIEW$,9104,9112
VIEW$,9112,9120
COM$,9120,9128
I_COL1,9128,9136
I_ACCESS1,9136,9144
ACCESS$,9144,9152
VIEW$,9152,9160
I_COL3,9160,9168
DEPENDENCY$,9168,9176
I_COM1,9176,9184
I_DEPENDENCY2,9184,9192
I_DEPENDENCY1,9192,9200
ACCESS$,9200,9208
COM$,9208,9216
VIEW$,9216,9344
I_COL1,9344,9472
I_COL2,9472,9480
OBJ$,9480,9488
MVIEW$_ADV_WORKLOAD,9488,9496
MVIEW$_ADV_WORKLOAD_PK,9496,9504
MVIEW$_ADV_WORKLOAD_IDX_01,9504,9512
MVIEW$_ADV_BASETABLE,9512,9520
MVIEW$_ADV_BASETABLE_IDX_01,9520,9528
MVIEW$_ADV_SQLDEPEND,9528,9536
MVIEW$_ADV_SQLDEPEND_IDX_01,9536,9544
MVIEW$_ADV_PRETTY,9544,9552
MVIEW$_ADV_PRETTY_IDX_01,9552,9560
MVIEW$_ADV_TEMP,9560,9568
MVIEW$_ADV_TEMP_IDX_01,9568,9576
MVIEW$_ADV_FILTER,9576,9584
MVIEW$_ADV_FILTER_PK,9584,9592
MVIEW$_ADV_LOG,9592,9600
MVIEW$_ADV_LOG_PK,9600,9608
MVIEW$_ADV_FILTERINSTANCE,9608,9616
MVIEW$_ADV_LEVEL,9616,9624
MVIEW$_ADV_LEVEL_PK,9624,9632
MVIEW$_ADV_ROLLUP,9632,9640
MVIEW$_ADV_ROLLUP_PK,9640,9648
MVIEW$_ADV_AJG,9648,9656
MVIEW$_ADV_AJG_PK,9656,9664
MVIEW$_ADV_FJG,9664,9672
MVIEW$_ADV_FJG_PK,9672,9680
MVIEW$_ADV_GC,9680,9688
MVIEW$_ADV_GC_PK,9688,9696
MVIEW$_ADV_CLIQUE,9696,9704
MVIEW$_ADV_CLIQUE_PK,9704,9712
MVIEW$_ADV_ELIGIBLE,9712,9720
MVIEW$_ADV_ELIGIBLE_PK,9720,9728
MVIEW$_ADV_OUTPUT,9728,9736
MVIEW$_ADV_OUTPUT_PK,9736,9744
MVIEW$_ADV_EXCEPTIONS,9744,9752
MVIEW$_ADV_PARAMETERS,9752,9760
MVIEW$_ADV_PARAMETERS_PK,9760,9768
MVIEW$_ADV_INFO,9768,9776
MVIEW$_ADV_INFO_PK,9776,9784
MVIEW$_ADV_JOURNAL,9784,9792
MVIEW$_ADV_JOURNAL_PK,9792,9800
MVIEW$_ADV_PLAN,9800,9808
I_COL3,9808,9816
I_OBJAUTH2,9816,9824
DEPENDENCY$,9824,9832
I_COL2,9832,9840
ACCESS$,9840,9848
I_OBJ2,9848,9856
C_OBJ#,9856,9984
I_OBJ5,9984,9992
I_OBJAUTH1,9992,10000
I_COL3,10000,10008
I_COL2,10008,10016
I_DEPENDENCY2,10016,10024
ACCESS$,10024,10032
I_ACCESS1,10032,10040
IDL_UB2$,10040,10048
IDL_UB1$,10048,10056
I_ARGUMENT2,10056,10064
I_SOURCE1,10064,10072
SOURCE$,10072,10080
IDL_SB4$,10080,10088
IDL_CHAR$,10088,10096
IDL_UB2$,10096,10104
IDL_UB2$,10104,10112
VIEW$,10112,10240
ARGUMENT$,10240,10248
SOURCE$,10248,10256
IDL_UB1$,10256,10264
IDL_UB1$,10264,10272
SOURCE$,10272,10280
IDL_UB2$,10280,10288
SYN$,10288,10296
DEPENDENCY$,10296,10304
OBJ$,10304,10312
SOURCE$,10312,10320
I_SOURCE1,10320,10328
IDL_UB2$,10328,10336
IDL_UB1$,10336,10344
ARGUMENT$,10344,10352
I_ARGUMENT1,10352,10360
SOURCE$,10360,10368
SOURCE$,10368,10376
SOURCE$,10376,10384
IDL_UB2$,10384,10392
I_ARGUMENT2,10392,10400
I_SOURCE1,10400,10408
SOURCE$,10408,10416
SOURCE$,10416,10424
IDL_UB1$,10424,10432
ARGUMENT$,10432,10440
I_ARGUMENT1,10440,10448
IDL_CHAR$,10448,10456
ARGUMENT$,10456,10464
I_PROCEDUREINFO1,10464,10472
I_ARGUMENT2,10472,10480
ARGUMENT$,10480,10488
I_ARGUMENT1,10488,10496
IDL_UB2$,10496,10624
SOURCE$,10624,10632
IDL_SB4$,10632,10640
I_SOURCE1,10640,10648
IDL_UB1$,10648,10656
PROCEDUREINFO$,10656,10664
KOTAD$,10664,10672
C_TOID_VERSION#,10672,10680
ARGUMENT$,10680,10688
KOTAD$,10688,10696
KOTMD$,10696,10704
C_TOID_VERSION#,10704,10712
I_ARGUMENT1,10712,10720
C_TOID_VERSION#,10720,10728
I_ARGUMENT2,10728,10736
IDL_UB1$,10736,10744
KOTAD$,10744,10752
SOURCE$,10752,10880
C_TOID_VERSION#,10880,10888
I_DEPENDENCY1,10888,10896
C_TOID_VERSION#,10896,10904
SYS_C00666,10904,10912
C_TOID_VERSION#,10912,10920
C_TOID_VERSION#,10920,10928
TRANSACTION_BACKOUT_STATE$,10928,10936
TXN_BACKOUT_STATE_IDX1$,10936,10944
TXN_BACKOUT_STATE_IDX2$,10944,10952
TXN_BACKOUT_STATE_IDX3$,10952,10960
UTL_RECOMP_SORTED,10960,10968
UTL_RECOMP_COMPILED,10968,10976
UTL_RECOMP_ERRORS,10976,10984
I_OBJ4,10984,10992
IDL_CHAR$,10992,11000
ARGUMENT$,11000,11008
I_ARGUMENT1,11008,11016
ARGUMENT$,11016,11024
TRANSFORMATIONS$,11024,11032
SYS_C001648,11032,11040
ATTRIBUTE_TRANSFORMATIONS$,11040,11048
SYS_LOB0000005272C00004$$,11048,11056
SYS_IL0000005272C00004$$,11056,11064
ATTRIBUTE_TRANSFORMATIONS_PK,11064,11072
RULE_SET_IEUAC$,11072,11080
SYS_C001651,11080,11088
RULE_SET$,11088,11096
I_RULE_SET,11096,11104
RULE$,11104,11112
SYS_LOB0000005298C00002$$,11112,11120
SYS_IL0000005298C00002$$,11120,11128
SYS_LOB0000005298C00005$$,11128,11136
SYS_IL0000005298C00005$$,11136,11144
I_RULE,11144,11152
RULE_MAP$,11152,11160
I_RULE_MAP1,11160,11168
I_RULE_MAP2,11168,11176
RULE_EC$,11176,11184
I_RULE_EC,11184,11192
REC_TAB$,11192,11200
I_REC_TAB,11200,11208
REC_VAR$,11208,11216
I_REC_VAR,11216,11224
RULE_SET_EE$,11224,11232
I_RULE_SET_EE,11232,11240
RULE_SET_TE$,11240,11248
I_RULE_SET_TE,11248,11256
RULE_SET_VE$,11256,11264
I_RULE_SET_VE,11264,11272
RULE_SET_RE$,11272,11280
I1_RULE_SET_RE,11280,11288
I2_RULE_SET_RE,11288,11296
I3_RULE_SET_RE,11296,11304
RULE_SET_ROR$,11304,11312
I_RULE_SET_ROR,11312,11320
RULE_SET_FOB$,11320,11328
I_RULE_SET_FOB,11328,11336
RULE_SET_NL$,11336,11344
I_RULE_SET_NL,11344,11352
RULE_SET_RDEP$,11352,11360
I_RULE_SET_RDEP1,11360,11368
I_RULE_SET_RDEP2,11368,11376
COM$,11376,11384
I_COL3,11384,11392
C_TOID_VERSION#,11392,11520
I_COM1,11520,11528
DAM_PARAM_TAB$,11528,11536
SYS_C001691,11536,11544
DAM_CONFIG_PARAM$,11544,11552
DAM_CONFIG_PARAM_UK1,11552,11560
DAM_LAST_ARCH_TS$,11560,11568
DAM_LAST_ARCH_TS_UK1,11568,11576
DAM_CLEANUP_JOBS$,11576,11584
SYS_C001702,11584,11592
DAM_CLEANUP_EVENTS$,11592,11600
SYS_C001706,11600,11608
SYS_LOB0000005561C00013$$,11608,11616
SYS_IL0000005561C00013$$,11616,11624
SYS_LOB0000005561C00027$$,11624,11632
SYS_IL0000005561C00027$$,11632,11640
FGA_LOG$FOR_EXPORT_TBL,11640,11648
AUDTAB$TBS$FOR_EXPORT_TBL,11648,11656
I_OBJ2,11656,11664
I_OBJ5,11664,11672
INVALIDATION_REGISTRY$,11672,11680
I_INVALIDATION_REGISTRY$,11680,11688
I1_CHNF$_CLAUSES,11688,11696
I2_CHNF$_CLAUSES,11696,11704
CHNF$_CLAUSE_DEPENDENTS,11704,11712
I1_CHNF$_CLAUSE_DEPENDENTS,11712,11720
I2_CHNF$_CLAUSE_DEPENDENTS,11720,11728
CHNF$_QUERY_OBJECT,11728,11736
SYS_LOB0000005598C00004$$,11736,11744
SYS_IL0000005598C00004$$,11744,11752
SYS_LOB0000005598C00005$$,11752,11760
SYS_IL0000005598C00005$$,11760,11768
SYS_LOB0000005598C00007$$,11768,11776
SYS_IL0000005598C00007$$,11776,11784
I1_CHNF$_QUERY_OBJECT,11784,11792
I2_CHNF$_QUERY_OBJECT,11792,11800
CHNF$_REG_QUERIES,11800,11808
I1_CHNF$_REG_QUERIES,11808,11816
I2_CHNF$_REG_QUERIES,11816,11824
CHNF$_QUERIES,11824,11832
SYS_LOB0000005610C00003$$,11832,11840
SYS_IL0000005610C00003$$,11840,11848
SYS_LOB0000005610C00005$$,11848,11856
SYS_IL0000005610C00005$$,11856,11864
I1_CHNF$_QUERIES,11864,11872
I2_CHNF$_QUERIES,11872,11880
CHNF$_QUERY_BINDS,11880,11888
I1_CHNF$_QUERY_BINDS,11888,11896
CHNF$_QUERY_DEPENDENCIES,11896,11904
I1_CHNF$_QUERY_DEPS,11904,11912
I2_CHNF$_QUERY_DEPS,11912,11920
OBJAUTH$,11920,11928
CHNFDIRECTLOAD$,11928,11936
I_CHNFDIRECTLOAD$,11936,11944
IDL_SB4$,11944,11952
KOTAD$,11952,11960
SETTINGS$,11960,11968
I_DEPENDENCY2,11968,11976
OBJ$,11976,11984
KOTTD$,11984,11992
CPOOL$,11992,12000
CPOOL$_UI,12000,12008
REG$,12008,12016
SYS_LOB0000005775C00011$$,12016,12024
SYS_IL0000005775C00011$$,12024,12032
C_FILE#_BLOCK#,12032,12040
REG$_IDX,12040,12048
REG$_T,12048,12056
LOC$,12056,12064
COM$,12064,12072
I_OBJ1,12072,12080
AQ$_QUEUE_TABLES,12080,12088
AQ$_QUEUE_TABLES_PRIMARY,12088,12096
I1_QUEUE_TABLES,12096,12104
AQ$_QUEUES,12104,12112
SYS_LOB0000005797C00012$$,12112,12120
SYS_IL0000005797C00012$$,12120,12128
AQ$_QUEUES_PRIMARY,12128,12136
AQ$_QUEUES_CHECK,12136,12144
I1_QUEUES,12144,12152
AQ$_REPLAY_INFO,12152,12160
AQ$_QUEUE_TABLE_AFFINITIES,12160,12168
AQ$_QTABLE_AFFINITIES_PK,12168,12176
I1_QUEUE_TABLE_AFFINITIES,12176,12184
AQ$_SUBSCRIBER_TABLE,12184,12192
AQ$_SUBSCRIBER_TABLE_PRIMARY,12192,12200
AQ$_SUBSCRIBER_TABLE_I,12200,12208
AQ$_SCHEDULES,12208,12216
AQ$_SCHEDULES_PRIMARY,12216,12224
AQ$_SCHEDULES_CHECK,12224,12232
I_COL2,12232,12240
AQ$_SCHEDULES,12240,12248
AQ$_SCHEDULES_PRIMARY,12248,12256
AQ$_MESSAGE_TYPES,12256,12264
AQ$_MSGTYPES_UNIQUE,12264,12272
AQ$_PROPAGATION_STATUS,12272,12280
AQ$_PROPAGATION_STATUS_PRIMARY,12280,12288
AQ$_PENDING_MESSAGES,12288,12296
AQ$_PENDING_MESSAGES_I,12296,12304
AQ$_QUEUE_STATISTICS,12304,12312
AQ$_QUEUE_STATITICS_PK,12312,12320
AQ$_PUBLISHER,12320,12328
ACCESS$,12328,12336
AQ$_INTERNET_AGENTS,12336,12344
SYS_C001765,12344,12352
AQ$_INTERNET_AGENT_PRIVS,12352,12360
UNQ_PAIRS,12360,12368
C_COBJ#,12368,12376
I_OBJ#,12376,12384
KOTTB$,12384,12392
IDL_UB1$,12392,12400
RECENT_RESOURCE_INCARNATIONS$P,12400,12408
I_PARAMETER1,12408,12416
I_PARAMETER2,12416,12424
PARAMIND,12424,12432
I_FILE#_BLOCK#,12432,12440
KOTAD$,12440,12448
I_ARGUMENT2,12448,12456
I_PARAMETER1,12456,12464
SCHEDULER$_PROGRAM,12464,12472
SCHEDULER$_PROGRAM_PK,12472,12480
SCHEDULER$_CLASS,12480,12488
SCHEDULER$_CLASS_PK,12488,12496
SCHEDULER$_JOB,12496,12504
SCHEDULER$_JOB_PK,12504,12512
SCHEDULER$_SAVED_OIDS,12512,12520
I_SCHEDULER_JOB2,12520,12528
I_SCHEDULER_JOB3,12528,12536
I_SCHEDULER_JOB4,12536,12544
I_SCHEDULER_JOB1,12544,12552
SCHEDULER$_SOID_PK,12552,12560
SCHEDULER$_LWJOB_OBJ,12560,12568
SCHEDULER$_LOBJ_PK,12568,12576
SCHEDULER$_LOBJ_UK,12576,12584
SCHEDULER$_LIGHTWEIGHT_JOB,12584,12592
SCHEDULER$_LWJOB_PK,12592,12600
SCHEDULER$_JOB_ARGUMENT,12600,12608
SYS_LOB0000006048C00006$$,12608,12616
SYS_IL0000006048C00006$$,12616,12624
SCHEDULER$_JOB_ARG_PK,12624,12632
I_SCHEDULER_JOB_ARGUMENT1,12632,12640
SCHEDULER$_WINDOW,12640,12648
SCHEDULER$_WINDOW_PK,12648,12656
SCHEDULER$_PROGRAM_ARGUMENT,12656,12664
I_SCHEDULER_WINDOW1,12664,12672
SYS_LOB0000006057C00006$$,12672,12680
SYS_IL0000006057C00006$$,12680,12688
SCHEDULER$_PROGRAM_ARG_PK,12688,12696
I_SCHEDULER_PROGRAM_ARGUMENT1,12696,12704
SCHEDULER$_SRCQ_INFO,12704,12712
SCHEDULER$_QINFO_PK,12712,12720
SCHEDULER$_SRCQ_MAP,12720,12728
SCHEDULER$_SRCQ_MAP_PK,12728,12736
SCHEDULER$_EVTQ_SUB,12736,12744
SCHEDULER$_EVTQ_SUB_PK,12744,12752
SCHEDULER$_WINDOW_GROUP,12752,12760
SCHEDULER$_WINDOW_GROUP_PK,12760,12768
SCHEDULER$_WINGRP_MEMBER,12768,12776
SCHEDULER$_WINGRP_MEMBER_UQ,12776,12784
I_SCHEDULER_WINGRP_MEMBER1,12784,12792
I_SCHEDULER_WINGRP_MEMBER2,12792,12800
I_SCHEDULER_WINGRP_MEMBER3,12800,12808
SCHEDULER$_SCHEDULE,12808,12816
SCHEDULER$_SCHEDULE_PK,12816,12824
SCHEDULER$_CHAIN,12824,12832
SCHEDULER$_CHAIN_PK,12832,12840
SCHEDULER$_STEP,12840,12848
I_SCHEDULER_STEP1,12848,12856
I_SCHEDULER_STEP2,12856,12864
SCHEDULER$_GLOBAL_ATTRIBUTE,12864,12872
SCHEDULER$_ATTRIB_PK,12872,12880
SCHEDULER$_CREDENTIAL,12880,12888
SCHEDULER$_CREDENTIAL_PK,12888,12896
SCHEDULER$_RJOB_SRC_DB_INFO,12896,12904
SCHEDULER$_RDBI_PK,12904,12912
SCHEDULER$_REMOTE_DBS,12912,12920
SCHEDULER$_RDB_PK,12920,12928
SCHEDULER$_REMOTE_JOB_STATE,12928,12936
SCHEDULER$_RJS_PK,12936,12944
SCHEDULER$_FILE_WATCHER,12944,12952
SCHEDULER$_FW_PK,12952,12960
SCHEDULER$_FILEWATCHER_HISTORY,12960,12968
SCHEDULER$_FILEWATCHER_RESEND,12968,12976
SCHEDULER$_FW_RS_PK,12976,12984
SCHEDULER$_NOTIFICATION,12984,12992
I_SCHEDULER_NOTIFICATION1,12992,13000
I_SCHEDULER_NOTIFICATION2,13000,13008
I_SCHEDULER_NOTIFICATION3,13008,13016
SCHEDULER$_DESTINATIONS,13016,13024
SCHEDULER$_DEST_PK,13024,13032
SCHEDULER$_JOB_DESTINATIONS,13032,13040
SCHEDULER$_JOBDEST_PK,13040,13048
I_ATTRIBUTE1,13048,13056
C_TOID_VERSION#,13056,13184
KOTAD$,13184,13192
KU_NOEXP_TAB,13192,13200
KU_UTLUSE,13200,13208
I_PROCEDUREINFO1,13208,13216
ARGUMENT$,13216,13224
I_SOURCE1,13224,13232
IDL_CHAR$,13232,13240
I_ARGUMENT1,13240,13248
DEPENDENCY$,13248,13256
WRI$_ALERT_THRESHOLD_LOG,13256,13264
WRI$_ALERT_THRESHOLD_LOG_PK,13264,13272
I_CDEF4,13272,13280
CON$,13280,13288
C_FILE#_BLOCK#,13288,13296
WRI$_SQLSET_WORKSPACE,13296,13304
SYS_LOB0000006361C00005$$,13304,13312
C_OBJ#,13312,13440
IDL_UB2$,13440,13568
SYS_IL0000006361C00005$$,13568,13576
SYS_LOB0000006361C00008$$,13576,13584
SYS_IL0000006361C00008$$,13584,13592
SYS_LOB0000006361C00010$$,13592,13600
SYS_IL0000006361C00010$$,13600,13608
WRI$_SQLMON_USAGE,13608,13616
OBJ$,13616,13624
I_COL3,13624,13632
I_OBJ2,13632,13640
I_OBJ5,13640,13648
I_CCOL1,13648,13656
C_COBJ#,13656,13664
I_CCOL2,13664,13672
I_CON1,13672,13680
C_FILE#_BLOCK#,13680,13688
I_COL2,13688,13696
WRR$_CAPTURES,13696,13704
WRR$_CAPTURES_PK,13704,13712
WRR$_REPLAYS,13712,13720
WRR$_REPLAYS_PK,13720,13728
C_COBJ#,13728,13736
DEF$_ERROR,13736,13744
DEF$_ERROR_PRIMARY,13744,13752
DEF$_DESTINATION,13752,13760
DEF$_DESTINATION_PRIMARY,13760,13768
DEF$_CALLDEST,13768,13776
DEF$_CALLDEST_PRIMARY,13776,13784
DEF$_CALLDEST_N2,13784,13792
DEF$_DEFAULTDEST,13792,13800
DEF$_DEFAULTDEST_PRIMARY,13800,13808
DEF$_LOB,13808,13816
SYS_LOB0000007061C00003$$,13816,13824
SYS_IL0000007061C00003$$,13824,13832
SYS_LOB0000007061C00004$$,13832,13840
SYS_IL0000007061C00004$$,13840,13848
SYS_LOB0000007061C00005$$,13848,13856
SYS_IL0000007061C00005$$,13856,13864
DEF$_LOB_PRIMARY,13864,13872
DEF$_LOB_N1,13872,13880
DEF$_PROPAGATOR,13880,13888
DEF$_PROPAGATOR_PRIMARY,13888,13896
DEF$_ORIGIN,13896,13904
DEF$_PUSHED_TRANSACTIONS,13904,13912
DEF$_PUSHED_TRAN_PRIMARY,13912,13920
DEF$_AQCALL,13920,13928
SYS_LOB0000013552C00025$$,13928,13936
SYS_IL0000013552C00025$$,13936,13944
SYS_C003693,13944,13952
DEF$_AQERROR,13952,13960
SYS_LOB0000013563C00025$$,13960,13968
SYS_IL0000013563C00025$$,13968,13976
SYS_C003696,13976,13984
OBJ$,13984,13992
REPCAT$_REPCAT,13992,14000
REPCAT$_REPCAT_PRIMARY,14000,14008
REPCAT$_FLAVORS,14008,14016
REPCAT$_FLAVORS_UNQ1,14016,14024
REPCAT$_FLAVORS_FNAME,14024,14032
REPCAT$_FLAVORS_GNAME,14032,14040
REPCAT$_FLAVORS_FK1_IDX,14040,14048
REPCAT$_REPSCHEMA,14048,14056
REPCAT$_REPSCHEMA_PRIMARY,14056,14064
REPCAT$_REPSCHEMA_DEST_IDX,14064,14072
REPCAT$_REPSCHEMA_PRNT_IDX,14072,14080
REPCAT$_SNAPGROUP,14080,14088
I_REPCAT$_SNAPGROUP1,14088,14096
REPCAT$_REPOBJECT,14096,14104
REPCAT$_REPOBJECT_PRIMARY,14104,14112
REPCAT$_REPOBJECT_GNAME,14112,14120
REPCAT$_REPOBJECT_PRNT_IDX,14120,14128
REPCAT$_REPCOLUMN,14128,14136
REPCAT$_REPCOLUMN_PK,14136,14144
REPCAT$_REPCOLUMN_FK_IDX,14144,14152
REPCAT$_KEY_COLUMNS,14152,14160
REPCAT$_KEY_COLUMNS_PRIMARY,14160,14168
REPCAT$_KEY_COLUMNS_PRNT_IDX,14168,14176
REPCAT$_GENERATED,14176,14184
REPCAT$_REPGEN_PRIMARY,14184,14192
REPCAT$_GENERATED_N1,14192,14200
REPCAT$_REPGEN_PRNT_IDX,14200,14208
REPCAT$_REPPROP,14208,14216
REPCAT$_REPPROP_PRIMARY,14216,14224
REPCAT$_REPPROP_DBLINK_HOW,14224,14232
REPCAT$_REPPROP_KEY_INDEX,14232,14240
REPCAT$_REPPROP_PRNT_IDX,14240,14248
REPCAT$_REPPROP_PRNT2_IDX,14248,14256
REPCAT$_REPCATLOG,14256,14264
REPCAT$_REPCATLOG_PRIMARY,14264,14272
REPCAT$_REPCATLOG_GNAME,14272,14280
REPCAT$_DDL,14280,14288
REPCAT$_DDL_INDEX,14288,14296
REPCAT$_DDL,14296,14304
REPCAT$_REPGROUP_PRIVS,14304,14312
REPCAT$_REPGROUP_PRIVS_UK,14312,14320
REPCAT$_REPGROUP_PRIVS_N1,14320,14328
REPCAT$_REPGROUP_PRIVS_FK_IDX,14328,14336
COM$,14336,14344
I_COL3,14344,14352
REPCAT$_PRIORITY_GROUP,14352,14360
REPCAT$_PRIORITY_GROUP_PK,14360,14368
REPCAT$_PRIORITY_GROUP_U1,14368,14376
REPCAT$_PRIORITY,14376,14384
REPCAT$_PRIORITY_PK,14384,14392
REPCAT$_PRIORITY_F1_IDX,14392,14400
I_SYN2,14400,14408
REPCAT$_COLUMN_GROUP,14408,14416
I_OBJ4,14416,14424
REPCAT$_COLUMN_GROUP_PK,14424,14432
REPCAT$_GROUPED_COLUMN,14432,14440
REPCAT$_GROUPED_COLUMN_PK,14440,14448
REPCAT$_GROUPED_COLUMN_F1_IDX,14448,14456
REPCAT$_CONFLICT,14456,14464
REPCAT$_CONFLICT_PK,14464,14472
REPCAT$_RESOLUTION_METHOD,14472,14480
REPCAT$_RESOL_METHOD_PK,14480,14488
I_OBJ2,14488,14496
I_OBJ5,14496,14504
REPCAT$_RESOLUTION,14504,14512
REPCAT$_RESOLUTION_PK,14512,14520
REPCAT$_RESOLUTION_F3_IDX,14520,14528
REPCAT$_RESOLUTION_IDX2,14528,14536
I_COM1,14536,14544
REPCAT$_RESOLUTION_STATISTICS,14544,14552
REPCAT$_RESOLUTION_STATS_N1,14552,14560
REPCAT$_RESOL_STATS_CONTROL,14560,14568
REPCAT$_RESOL_STATS_CTRL_PK,14568,14576
I_DEPENDENCY1,14576,14584
REPCAT$_PARAMETER_COLUMN,14584,14592
REPCAT$_PARAMETER_COLUMN_PK,14592,14600
REPCAT$_PARAMETER_COLUMN_F1_I,14600,14608
REPCAT$_AUDIT_ATTRIBUTE,14608,14616
REPCAT$_AUDIT_ATTRIBUTE_PK,14616,14624
REPCAT$_AUDIT_COLUMN,14624,14632
REPCAT$_AUDIT_COLUMN_PK,14632,14640
REPCAT$_AUDIT_COLUMN_F1_IDX,14640,14648
REPCAT$_AUDIT_COLUMN_F2_IDX,14648,14656
REPCAT$_FLAVOR_OBJECTS,14656,14664
REPCAT$_FLAVOR_OBJECTS_PK,14664,14672
REPCAT$_FLAVOR_OBJECTS_FG,14672,14680
REPCAT$_FLAVOR_OBJECTS_FK1_IDX,14680,14688
REPCAT$_FLAVOR_OBJECTS_FK2_IDX,14688,14696
REPCAT$_TEMPLATE_STATUS,14696,14704
REPCAT$_TEMPLATE_STATUS_PK,14704,14712
REPCAT$_TEMPLATE_TYPES,14712,14720
REPCAT$_TEMPLATE_TYPES_PK,14720,14728
REPCAT$_REFRESH_TEMPLATES,14728,14736
REPCAT$_REFRESH_TEMPLATES_PK,14736,14744
REPCAT$_REFRESH_TEMPLATES_U1,14744,14752
REPCAT$_USER_AUTHORIZATIONS,14752,14760
REPCAT$_USER_AUTHORIZATIONS_PK,14760,14768
REPCAT$_USER_AUTHORIZATIONS_U1,14768,14776
REPCAT$_USER_AUTHORIZATIONS_N1,14776,14784
ACCESS$,14784,14792
REPCAT$_OBJECT_TYPES,14792,14800
REPCAT$_OBJECT_TYPE_PK,14800,14808
REPCAT$_TEMPLATE_REFGROUPS,14808,14816
REPCAT$_TEMPLATE_REFGROUPS_PK,14816,14824
REPCAT$_TEMPLATE_REFGROUPS_N1,14824,14832
REPCAT$_TEMPLATE_REFGROUPS_N2,14832,14840
REPCAT$_TEMPLATE_OBJECTS,14840,14848
SYS_LOB0000007417C00006$$,14848,14856
SYS_IL0000007417C00006$$,14856,14864
REPCAT$_TEMPLATE_OBJECTS_PK,14864,14872
REPCAT$_TEMPLATE_OBJECTS_U1,14872,14880
REPCAT$_TEMPLATE_OBJECTS_N1,14880,14888
REPCAT$_TEMPLATE_PARMS,14888,14896
SYS_LOB0000007430C00004$$,14896,14904
SYS_IL0000007430C00004$$,14904,14912
REPCAT$_TEMPLATE_PARMS_PK,14912,14920
REPCAT$_TEMPLATE_PARMS_U1,14920,14928
REPCAT$_OBJECT_PARMS,14928,14936
REPCAT$_OBJECT_PARMS_PK,14936,14944
REPCAT$_OBJECT_PARMS_N2,14944,14952
REPCAT$_USER_PARM_VALUES,14952,14960
SYS_LOB0000007445C00004$$,14960,14968
SYS_IL0000007445C00004$$,14968,14976
REPCAT$_USER_PARM_VALUES_PK,14976,14984
REPCAT$_USER_PARM_VALUES_U1,14984,14992
REPCAT$_TEMPLATE_SITES,14992,15000
REPCAT$_TEMPLATE_SITES_PK,15000,15008
REPCAT$_TEMPLATE_SITES_U1,15008,15016
REPCAT$_SITE_OBJECTS,15016,15024
REPCAT$_SITE_OBJECTS_U1,15024,15032
REPCAT$_SITE_OBJECTS_N1,15032,15040
REPCAT$_RUNTIME_PARMS,15040,15048
SYS_LOB0000007471C00003$$,15048,15056
SYS_IL0000007471C00003$$,15056,15064
REPCAT$_RUNTIME_PARMS_PK,15064,15072
REPCAT$_TEMPLATE_TARGETS,15072,15080
TEMPLATE$_TARGETS_PK,15080,15088
REPCAT$_TEMPLATE_TARGETS_U1,15088,15096
REPCAT$_EXCEPTIONS,15096,15104
SYS_LOB0000007482C00003$$,15104,15112
SYS_IL0000007482C00003$$,15112,15120
REPCAT$_EXCEPTIONS_PK,15120,15128
REPCAT$_INSTANTIATION_DDL,15128,15136
SYS_LOB0000007489C00002$$,15136,15144
SYS_IL0000007489C00002$$,15144,15152
REPCAT$_INSTANTIATION_DDL_PK,15152,15160
REPCAT$_EXTENSION,15160,15168
SYS_C003183,15168,15176
REPCAT$_SITES_NEW,15176,15184
REPCAT$_SITES_NEW_PK,15184,15192
I_COL2,15192,15200
REPCAT$_SITES_NEW_FK2_IDX,15200,15208
REPCAT$_SITES_NEW_FK1_IDX,15208,15216
REPCAT$_TEMPLATE_OBJECTS_N2,15216,15224
C_FILE#_BLOCK#,15224,15232
I_CDEF2,15232,15240
LOGMNRG_CON$,15240,15248
OBJ$,15248,15256
DBMS_PARALLEL_EXECUTE_TASK$,15256,15264
SYS_LOB0000007928C00011$$,15264,15272
SYS_IL0000007928C00011$$,15272,15280
PK_DBMS_PARALLEL_EXECUTE_1,15280,15288
DBMS_PARALLEL_EXECUTE_CHUNKS$,15288,15296
SYS_C003343,15296,15304
I_DBMS_PARALLEL_EXECUTE_CHUNKS,15304,15312
DBFS$_STORES,15312,15320
SYS_C003350,15320,15328
S_PROPS_TAB,15328,15336
SYS_FK0000007938N00005$,15336,15344
DBFS$_MOUNTS,15344,15352
SYS_C003354,15352,15360
SYS_C003355,15360,15368
IS_DBFS$_MOUNTS,15368,15376
PROPERTIES_TAB,15376,15384
SYS_FK0000007946N00008$,15384,15392
DBFS_SFS$_TAB,15392,15400
SYS_C003370,15400,15408
SYS_C003371,15408,15416
SYS_C003372,15416,15424
DBFS_SFS$_VOL,15424,15432
SYS_C003380,15432,15440
DBFS_SFS$_SNAP,15440,15448
SYS_C003389,15448,15456
DBFS_SFS$_FS,15456,15464
SYS_C003396,15464,15472
SYS_C003397,15472,15480
DBFS_SFS$_FST,15480,15488
SYS_LOB0000007960C00007$$,15488,15496
SYS_IL0000007960C00007$$,15496,15504
SYS_C003414,15504,15512
SYS_C003415,15512,15520
SYS_C003416,15520,15528
DBFS_SFS$_FSTP,15528,15536
I_CON2,15536,15544
SYS_C003423,15544,15552
USR_PROPERTIES_TAB,15552,15560
SYS_FK0000007968N00028$,15560,15568
DBFS_SFS$_FSTO,15568,15576
SYS_LOB0000007968C00007$$,15576,15584
SYS_IL0000007968C00007$$,15584,15592
SYS_C003440,15592,15600
SYS_C003441,15600,15608
SYS_C003442,15608,15616
SYS_C003443,15616,15624
I_CDEF1,15624,15632
I1_DBFS_HS$_SFLOCATORTABLE,15632,15640
I2_DBFS_HS$_SFLOCATORTABLE,15640,15648
I1_DBFS_HS$_BACKUPFILETABLE,15648,15656
I2_DBFS_HS$_BACKUPFILETABLE,15656,15664
I1_DBFS_HS$_STORECOMMANDS,15664,15672
I1_DBFS_HS$_STOREID2POLICYCTX,15672,15680
I2_DBFS_HS$_STOREID2POLICYCTX,15680,15688
I1_DBFS_HS$_STOREPROPERTIES,15688,15696
WRR$_MASKING_DEFINITION,15696,15704
WRR$_MASKING_PARAMETERS,15704,15712
WRR$_MASKING_PARAMETERS_PK,15712,15720
WRI$_STS_GRANULES,15720,15728
WRI$_STS_SENSITIVE_SQL,15728,15736
WRI$_STS_SENSITIVE_SQL_PK,15736,15744
WRI$_MASKING_SCRIPT_PROGRESS,15744,15752
WRI$_STS_MASKING_STEP_PROGRESS,15752,15760
WRR$_MASKING_FILE_PROGRESS,15760,15768
WRR$_MASKING_BIND_CACHE,15768,15776
WRI$_STS_MASKING_ERRORS,15776,15784
WRI$_STS_MASKING_EXCEPTIONS,15784,15792
IDL_UB1$,15792,15800
KOTAD$,15800,15808
I_SETTINGS1,15808,15816
I_DEPENDENCY2,15816,15824
IDL_SB4$,15824,15832
DEPENDENCY$,15832,15840
I_SOURCE1,15840,15848
IDL_CHAR$,15848,15856
IDL_UB1$,15856,15864
ARGUMENT$,15864,15872
COM$,15872,15880
I_COL3,15880,15888
I_ACCESS1,15888,15896
I_COL2,15896,15904
I_OBJ2,15904,15912
I_OBJ5,15912,15920
SYS_LOB0000008262C00008$$,15920,15928
SYS_IL0000008262C00008$$,15928,15936
SCHEDULER_PROGRAM_ARGS_TBL,15936,15944
SYS_LOB0000008265C00007$$,15944,15952
SYS_IL0000008265C00007$$,15952,15960
SCHEDULER_JOB_ARGS_TBL,15960,15968
I_ARGUMENT1,15968,15976
ARGUMENT$,15976,15984
I_ARGUMENT2,15984,15992
IDL_UB1$,15992,16000
SETTINGS$,16000,16008
ARGUMENT$,16008,16016
I_ARGUMENT1,16016,16024
IDL_UB1$,16024,16032
I_SOURCE1,16032,16040
I_SOURCE1,16040,16048
ARGUMENT$,16048,16056
I_ARGUMENT2,16056,16064
I_ARGUMENT1,16064,16072
ARGUMENT$,16072,16080
IDL_SB4$,16080,16088
IDL_CHAR$,16088,16096
IDL_UB1$,16096,16104
I_SOURCE1,16104,16112
I_SOURCE1,16112,16120
I_SOURCE1,16120,16128
SOURCE$,16128,16256
ARGUMENT$,16256,16384
I_ARGUMENT1,16384,16392
I_ARGUMENT2,16392,16400
PROCEDUREINFO$,16400,16408
IDL_UB1$,16408,16416
I_ARGUMENT1,16416,16424
I_SOURCE1,16424,16432
I_PROCEDUREINFO1,16432,16440
OBJ$,16440,16448
IDL_CHAR$,16448,16456
IDL_UB1$,16456,16464
I_ARGUMENT2,16464,16472
I_ARGUMENT1,16472,16480
I_SOURCE1,16480,16488
IDL_SB4$,16488,16496
I_SOURCE1,16496,16504
IDL_CHAR$,16504,16512
IDL_UB2$,16512,16640
IDL_UB1$,16640,16768
I_ARGUMENT1,16768,16776
I_ATTRIBUTE2,16776,16784
KOTMD$,16784,16792
I_ARGUMENT2,16792,16800
I_ARGUMENT1,16800,16808
SETTINGS$,16808,16816
IDL_CHAR$,16816,16824
IDL_SB4$,16824,16832
I_OBJAUTH1,16832,16840
I_OBJAUTH2,16840,16848
I_ARGUMENT2,16848,16856
IDL_CHAR$,16856,16864
KOTTD$,16864,16872
KOTAD$,16872,16880
KOTTB$,16880,16888
I_PROCEDUREINFO1,16888,16896
SOURCE$,16896,17024
C_TOID_VERSION#,17024,17152
I_SOURCE1,17152,17280
I_ARGUMENT1,17280,17408
IDL_UB2$,17408,17536
I_IDL_SB41,17536,17544
I_IDL_UB21,17544,17552
IDL_SB4$,17552,17560
I_ARGUMENT2,17560,17568
IDL_CHAR$,17568,17576
PROCEDUREINFO$,17576,17584
IDL_CHAR$,17584,17592
I_OBJ2,17592,17600
I_OBJ5,17600,17608
I_SETTINGS1,17608,17616
IDL_CHAR$,17616,17624
IDL_SB4$,17624,17632
I_IDL_UB11,17632,17640
I_ARGUMENT2,17640,17648
KOTAD$,17648,17656
I_PARAMETER1,17656,17664
C_OBJ#,17664,17792
SOURCE$,17792,17920
IDL_CHAR$,17920,18048
I_ARGUMENT2,18048,18056
SETTINGS$,18056,18064
I_PROCEDUREINFO1,18064,18072
IDL_SB4$,18072,18080
I_ARGUMENT2,18080,18088
DEPENDENCY$,18088,18096
IDL_SB4$,18096,18104
PROCEDUREINFO$,18104,18112
I_PROCEDUREINFO1,18112,18120
IDL_SB4$,18120,18128
I_PROCEDUREINFO1,18128,18136
I_OBJ1,18136,18144
IDL_SB4$,18144,18152
ACCESS$,18152,18160
PROCEDUREINFO$,18160,18168
IDL_SB4$,18168,18176
IDL_UB2$,18176,18304
ARGUMENT$,18304,18432
I_ARGUMENT2,18432,18560
IDL_UB2$,18560,18688
IDL_UB1$,18688,18816
SOURCE$,18816,18944
I_ARGUMENT1,18944,19072
IDL_UB2$,19072,19200
ARGUMENT$,19200,19328
OBJ$,19328,19336
I_OBJ4,19336,19344
I_DEPENDENCY2,19344,19352
COM$,19352,19360
I_DEPENDENCY1,19360,19368
I_PROCEDUREINFO1,19368,19376
IDL_SB4$,19376,19384
SYS_C00666,19384,19392
SETTINGS$,19392,19400
I_COM1,19400,19408
KOTAD$,19408,19416
PARAMIND,19416,19424
I_PARAMETER2,19424,19432
KOTAD$,19432,19440
PROCEDUREINFO$,19440,19448
I_METHOD1,19448,19456
SOURCE$,19456,19584
IDL_UB2$,19584,19712
I_COL1,19712,19840
VIEW$,19840,19968
I_SOURCE1,19968,20096
C_TOID_VERSION#,20096,20224
IDL_SB4$,20224,20352
KOTMD$,20352,20360
KOTAD$,20360,20368
I_PROCEDUREINFO1,20368,20376
DEPENDENCY$,20376,20384
ACCESS$,20384,20392
KOTTBX$,20392,20400
VTABLE$,20400,20408
KOTAD$,20408,20416
I_PARAMETER1,20416,20424
KOTTB$,20424,20432
SYS_C00666,20432,20440
I_ATTRIBUTE1,20440,20448
KOTTD$,20448,20456
KOTAD$,20456,20464
SETTINGS$,20464,20472
OBJ$,20472,20480
ARGUMENT$,20480,20608
IDL_UB1$,20608,20736
IDL_UB2$,20736,20864
SOURCE$,20864,20992
I_DEPENDENCY2,20992,21000
I_SETTINGS1,21000,21008
KOTAD$,21008,21016
I_ATTRIBUTE2,21016,21024
KOTTD$,21024,21032
I_DEPENDENCY1,21032,21040
DEPENDENCY$,21040,21048
I_ATTRIBUTE1,21048,21056
I_ACCESS1,21056,21064
KOTTB$,21064,21072
I_COL3,21072,21080
I_COL2,21080,21088
SYS_LOB0000000543C00002$$,21088,21096
SETTINGS$,21096,21104
I_OBJ2,21104,21112
I_OBJ5,21112,21120
C_TOID_VERSION#,21120,21248
IDL_CHAR$,21248,21376
KOTAD$,21376,21504
C_TOID_VERSION#,21504,21632
KOTTD$,21632,21640
SYS_LOB0000000543C00002$$,21640,21648
SYS_LOB0000000543C00002$$,21648,21656
I_ATTRIBUTE2,21656,21664
SYS_LOB0000000543C00002$$,21664,21672
I_ATTRIBUTE1,21672,21680
I_DEPENDENCY2,21680,21688
SYS_LOB0000000543C00002$$,21688,21696
I_DEPENDENCY1,21696,21704
DEPENDENCY$,21704,21712
SYS_LOB0000000543C00002$$,21712,21720
KOTTB$,21720,21728
I_OID1,21728,21736
ACCESS$,21736,21744
I_OBJ3,21744,21752
I_TOID_VERSION#,21752,21760
C_TOID_VERSION#,21760,21888
I_TYPE1,21888,21896
I_IDL_SB41,21896,21904
SYS_C00666,21904,21912
I_DEPENDENCY1,21912,21920
OBJ$,21920,21928
KOTTD$,21928,21936
SETTINGS$,21936,21944
SYS_LOB0000000543C00002$$,21944,21952
I_IDL_UB11,21952,21960
DEPENDENCY$,21960,21968
I_ATTRIBUTE1,21968,21976
I_ATTRIBUTE2,21976,21984
SYS_LOB0000000543C00002$$,21984,21992
SYS_LOB0000000543C00002$$,21992,22000
SYS_LOB0000000543C00002$$,22000,22008
SYS_LOB0000000543C00002$$,22008,22016
IDL_UB2$,22016,22144
I_DEPENDENCY2,22144,22152
SYS_LOB0000000543C00002$$,22152,22160
SYS_LOB0000000543C00002$$,22160,22168
KOTTB$,22168,22176
KOTTBX$,22176,22184
I_TYPE2,22184,22192
SYS_C00664,22192,22200
I_COL2,22200,22208
I_DEPENDENCY1,22208,22216
I_SETTINGS1,22216,22224
I_IDL_UB21,22224,22232
I_COL3,22232,22240
KOTTD$,22240,22248
DEPENDENCY$,22248,22256
SETTINGS$,22256,22264
I_IDL_CHAR1,22264,22272
C_TOID_VERSION#,22272,22400
C_OBJ#,22400,22528
C_TOID_VERSION#,22528,22656
I_OBJ4,22656,22664
I_ATTRIBUTE1,22664,22672
ACCESS$,22672,22680
I_DEPENDENCY2,22680,22688
KU$_USER_MAPPING_VIEW_TBL,22688,22696
I_TYPE5,22696,22704
METAFILTER$,22704,22712
I_METAFILTER$,22712,22720
METAFILTER$,22720,22728
I_METAXSLPARAM$,22728,22736
METAXSLPARAM$,22736,22744
I_ATTRIBUTE2,22744,22752
KOTTB$,22752,22760
PARAMIND,22760,22768
I_PARAMETER2,22768,22776
KOTMD$,22776,22784
I_ARGUMENT1,22784,22912
LOGSTDBY$PARAMETERS,22912,22920
I_OBJ2,22920,22928
I_OBJ5,22928,22936
I_PROCEDUREINFO1,22936,22944
I_OBJAUTH1,22944,22952
I_VIEW1,22952,22960
I_ACCESS1,22960,22968
DEPENDENCY$,22968,22976
COM$,22976,22984
SYS_LOB0000000780C00030$$,22984,22992
SYS_IL0000000780C00030$$,22992,23000
I_COL3,23000,23008
STREAMS$_APPLY_ERROR_IDX_2,23008,23016
I_DEPENDENCY1,23016,23024
ACCESS$,23024,23032
I_DEPENDENCY2,23032,23040
OBJ$,23040,23168
IDL_UB1$,23168,23296
I_COL2,23296,23424
VIEW$,23424,23552
COM$,23552,23560
STREAMS$_INTERNAL_TRANSFORM,23560,23568
SYS_LOB0000011825C00013$$,23568,23576
SYS_IL0000011825C00013$$,23576,23584
I_STREAMS_INTERNAL_TRANSFORM1,23584,23592
SYN$,23592,23600
PROCEDUREINFO$,23600,23608
DEPENDENCY$,23608,23616
SETTINGS$,23616,23624
DBMS_LOCK_ALLOCATED,23624,23632
SYS_C003509,23632,23640
I_OBJ#,23640,23648
I_OBJ1,23648,23656
DBMS_ALERT_INFO,23656,23664
SYS_C003510,23664,23672
ACCESS$,23672,23680
I_ARGUMENT2,23680,23808
IDL_UB2$,23808,23936
SOURCE$,23936,24064
IDL_UB1$,24064,24192
IDL_UB1$,24192,24320
I_DEPENDENCY2,24320,24328
I_PROCEDUREPLSQL$,24328,24336
I_OBJ2,24336,24344
I_OBJ5,24344,24352
I_SETTINGS1,24352,24360
I_WARNING_SETTINGS,24360,24368
SETTINGS$,24368,24376
I_DEPENDENCY1,24376,24384
PROCEDUREPLSQL$,24384,24392
I_ACCESS1,24392,24400
I_IDL_UB11,24400,24408
I_DEPENDENCY2,24408,24416
I_DEPENDENCY1,24416,24424
SETTINGS$,24424,24432
I_ACCESS1,24432,24440
I_IDL_SB41,24440,24448
IDL_UB1$,24448,24576
SOURCE$,24576,24704
IDL_UB1$,24704,24832
DEPENDENCY$,24832,24960
IDL_UB1$,24960,25088
C_TOID_VERSION#,25088,25216
IDL_UB1$,25216,25344
SOURCE$,25344,25472
IDL_UB1$,25472,25600
IDL_UB1$,25600,25728
SOURCE$,25728,25856
IDL_CHAR$,25856,25984
ACCESS$,25984,26112
IDL_UB1$,26112,26240
SOURCE$,26240,26368
IDL_UB1$,26368,26496
IDL_UB1$,26496,26624
IDL_UB1$,26624,26752
IDL_UB2$,26752,26880
IDL_UB1$,26880,27008
IDL_UB1$,27008,27136
PROCEDURE$,27136,27144
I_DEPENDENCY2,27144,27152
I_PROCEDUREPLSQL$,27152,27160
I_DEPENDENCY1,27160,27168
SETTINGS$,27168,27176
I_ACCESS1,27176,27184
I_OBJ4,27184,27192
I_SETTINGS1,27192,27200
PROCEDUREPLSQL$,27200,27208
SYS_C00666,27208,27216
I_IDL_UB11,27216,27224
I_DEPENDENCY1,27224,27232
SCHEDULER$_EVENT_QTAB,27232,27240
SYS_LOB0000012926C00050$$,27240,27248
SYS_IL0000012926C00050$$,27248,27256
SYS_C003511,27256,27264
SOURCE$,27264,27392
IDL_UB1$,27392,27520
IDL_UB1$,27520,27648
SOURCE$,27648,27776
IDL_UB1$,27776,27904
IDL_UB1$,27904,28032
I_DEPENDENCY2,28032,28160
IDL_UB1$,28160,28288
SOURCE$,28288,28416
IDL_CHAR$,28416,28544
IDL_UB1$,28544,28672
IDL_UB2$,28672,28800
IDL_UB1$,28800,28928
SOURCE$,28928,29056
IDL_UB1$,29056,29184
IDL_UB1$,29184,29312
IDL_UB1$,29312,29440
AQ$_SCHEDULER$_EVENT_QTAB_S,29440,29448
SYS_C003514,29448,29456
SYS_IOT_TOP_12935,29456,29464
C_FILE#_BLOCK#,29464,29472
SYS_IOT_TOP_12937,29472,29480
AQ$_SCHEDULER$_EVENT_QTAB_L,29480,29488
SYS_IOT_OVER_12940,29488,29496
SYS_IOT_TOP_12940,29496,29504
SYS_IOT_TOP_12943,29504,29512
C_COBJ#,29512,29520
SCHEDULER$_RJQ_ANT,29520,29528
SYS_LOB0000012954C00004$$,29528,29536
SYS_IL0000012954C00004$$,29536,29544
SYS_FK0000012953N00046$,29544,29552
SCHEDULER$_REMDB_JOBQTAB,29552,29560
SYS_LOB0000012953C00031$$,29560,29568
I_COL3,29568,29696
SYS_IL0000012953C00031$$,29696,29704
SYS_LOB0000012953C00061$$,29704,29712
SYS_IL0000012953C00061$$,29712,29720
SYS_C003523,29720,29728
SYS_C003524,29728,29736
AQ$_SCHEDULER$_REMDB_JOBQTAB_S,29736,29744
SYS_C003527,29744,29752
SYS_IOT_TOP_12969,29752,29760
SYS_IOT_TOP_12971,29760,29768
AQ$_SCHEDULER$_REMDB_JOBQTAB_L,29768,29776
SYS_IOT_OVER_12974,29776,29784
SYS_IOT_TOP_12974,29784,29792
SYS_IOT_TOP_12977,29792,29800
SCHEDULER$_FWQ_ANT,29800,29808
SYS_FK0000012987N00035$,29808,29816
SCHEDULER_FILEWATCHER_QT,29816,29824
SYS_LOB0000012987C00037$$,29824,29832
SYS_IL0000012987C00037$$,29832,29840
SYS_C003536,29840,29848
SYS_C003537,29848,29856
AQ$_SCHEDULER_FILEWATCHER_QT_S,29856,29864
SYS_C003540,29864,29872
SYS_IOT_TOP_12999,29872,29880
SYS_IOT_TOP_13001,29880,29888
AQ$_SCHEDULER_FILEWATCHER_QT_L,29888,29896
SYS_IOT_OVER_13004,29896,29904
SYS_IOT_TOP_13004,29904,29912
SYS_IOT_TOP_13007,29912,29920
I_ACCESS1,29920,29928
SETTINGS$,29928,29936
I_PROCEDUREINFO1,29936,29944
OBJAUTH$,29944,29952
SOURCE$,29952,30080
IDL_UB1$,30080,30208
ARGUMENT$,30208,30336
HS$_FDS_CLASS,30336,30344
HS$_FDS_CLASS_PK,30344,30352
HS$_FDS_CLASS_UK1,30352,30360
HS$_FDS_INST,30360,30368
HS$_FDS_INST_PK,30368,30376
HS$_FDS_INST_UK1,30376,30384
HS$_BASE_CAPS,30384,30392
HS$_BASE_CAPS_PK,30392,30400
HS$_CLASS_CAPS,30400,30408
HS$_CLASS_CAPS_PK,30408,30416
HS$_CLASS_CAPS_UK1,30416,30424
HS$_INST_CAPS,30424,30432
HS$_INST_CAPS_PK,30432,30440
HS$_INST_CAPS_UK1,30440,30448
HS$_BASE_DD,30448,30456
HS$_BASE_DD_PK,30456,30464
HS$_BASE_DD_UK1,30464,30472
HS$_CLASS_DD,30472,30480
HS$_CLASS_DD_PK,30480,30488
HS$_CLASS_DD_UK1,30488,30496
HS$_INST_DD,30496,30504
HS$_INST_DD_PK,30504,30512
HS$_INST_DD_UK1,30512,30520
HS$_CLASS_INIT,30520,30528
HS$_CLASS_INIT_PK,30528,30536
HS$_CLASS_INIT_UK1,30536,30544
HS$_INST_INIT,30544,30552
HS$_INST_INIT_PK,30552,30560
I_OBJ2,30560,30568
I_OBJ5,30568,30576
HS$_INST_INIT_UK1,30576,30584
HS$_FDS_CLASS_DATE,30584,30592
HS$_FDS_CLASS_DATE_UK1,30592,30600
KOTTD$,30600,30608
I_OBJAUTH2,30608,30616
HS_BULKLOAD_VIEW_OBJ,30616,30624
HS_PARTITION_COL_NAME,30624,30632
SYS_FK0000013218N00017$,30632,30640
HS_PARTITION_COL_TYPE,30640,30648
SYS_FK0000013218N00019$,30648,30656
HS$_PARALLEL_METADATA,30656,30664
HS_PARALLEL_METADATA_PK,30664,30672
SYS_C003639,30672,30680
SYS_C003640,30680,30688
HS$_PARALLEL_PARTITION_DATA,30688,30696
SYS_LOB0000013228C00004$$,30696,30704
SYS_IL0000013228C00004$$,30704,30712
SYS_LOB0000013228C00005$$,30712,30720
SYS_IL0000013228C00005$$,30720,30728
HS$_PARALLEL_HISTOGRAM_DATA,30728,30736
HS$_PARALLEL_SAMPLE_DATA,30736,30744
AQ$_MEM_MC,30744,30752
SYS_LOB0000013247C00028$$,30752,30760
SYS_IL0000013247C00028$$,30760,30768
SYS_LOB0000013247C00029$$,30768,30776
SYS_IL0000013247C00029$$,30776,30784
SYS_C003653,30784,30792
AQ$_AQ$_MEM_MC_S,30792,30800
SYS_C003656,30800,30808
SYS_IOT_TOP_13258,30808,30816
SYS_IOT_TOP_13260,30816,30824
AQ$_AQ$_MEM_MC_L,30824,30832
SYS_IOT_OVER_13263,30832,30840
SYS_IOT_TOP_13263,30840,30848
IDL_UB1$,30848,30976
SYS_IOT_TOP_13266,30976,30984
AQ_EVENT_TABLE,30984,30992
SYS_LOB0000013273C00045$$,30992,31000
SYS_IL0000013273C00045$$,31000,31008
SYS_LOB0000013273C00047$$,31008,31016
SYS_IL0000013273C00047$$,31016,31024
SYS_C003664,31024,31032
AQ$_AQ_EVENT_TABLE_T,31032,31040
AQ$_AQ_EVENT_TABLE_I,31040,31048
AQ_PROP_TABLE,31048,31056
SYS_LOB0000013285C00032$$,31056,31064
SYS_IL0000013285C00032$$,31064,31072
SYS_C003667,31072,31080
AQ$_AQ_PROP_TABLE_S,31080,31088
SYS_C003670,31088,31096
SYS_IOT_TOP_13294,31096,31104
SYS_IOT_TOP_13296,31104,31112
AQ$_AQ_PROP_TABLE_L,31112,31120
SYS_IOT_OVER_13299,31120,31128
SYS_IOT_TOP_13299,31128,31136
SYS_IOT_TOP_13302,31136,31144
SYSNTRsdvgphXNFfgUzI2hKQieA==,31144,31152
SYS_FK0000013441N00083$,31152,31160
SYSNTRsdvgphZNFfgUzI2hKQieA==,31160,31168
SYS_FK0000013441N00155$,31168,31176
SYSNTRsdvgphbNFfgUzI2hKQieA==,31176,31184
SYS_FK0000013441N00159$,31184,31192
KUPC$DATAPUMP_QUETAB,31192,31200
SYS_LOB0000013441C00036$$,31200,31208
SYS_IL0000013441C00036$$,31208,31216
SYS_LOB0000013441C00080$$,31216,31224
SYS_IL0000013441C00080$$,31224,31232
SYS_LOB0000013441C00082$$,31232,31240
SYS_IL0000013441C00082$$,31240,31248
SYS_LOB0000013441C00100$$,31248,31256
SYS_IL0000013441C00100$$,31256,31264
SYS_LOB0000013441C00116$$,31264,31272
SYS_IL0000013441C00116$$,31272,31280
SYS_LOB0000013441C00157$$,31280,31288
SYS_IL0000013441C00157$$,31288,31296
SYS_LOB0000013441C00158$$,31296,31304
SYS_IL0000013441C00158$$,31304,31312
SYS_LOB0000013441C00161$$,31312,31320
SYS_IL0000013441C00161$$,31320,31328
SYS_LOB0000013441C00168$$,31328,31336
SYS_IL0000013441C00168$$,31336,31344
SYS_C003679,31344,31352
SYS_C003680,31352,31360
SYS_C003681,31360,31368
SYS_C003682,31368,31376
AQ$_KUPC$DATAPUMP_QUETAB_S,31376,31384
SYS_C003685,31384,31392
SYS_IOT_TOP_13475,31392,31400
SYS_IOT_TOP_13477,31400,31408
AQ$_KUPC$DATAPUMP_QUETAB_L,31408,31416
SYS_IOT_OVER_13480,31416,31424
SYS_IOT_TOP_13480,31424,31432
SYS_IOT_TOP_13483,31432,31440
METASCRIPTFILTER$,31440,31448
I_METASCRIPTFILTER2$,31448,31456
I_METASCRIPTFILTER1$,31456,31464
I_METAFILTER$,31464,31472
METASCRIPTFILTER$,31472,31480
I_METANAMETRANS1$,31480,31488
C_OBJ#,31488,31616
METANAMETRANS$,31616,31624
METASCRIPTFILTER$,31624,31632
I_METASCRIPTFILTER2$,31632,31640
I_METASCRIPTFILTER1$,31640,31648
METASCRIPTFILTER$,31648,31656
METAFILTER$,31656,31664
I_METANAMETRANS2$,31664,31672
I_METASCRIPTFILTER2$,31672,31680
I_METASCRIPTFILTER1$,31680,31688
METASCRIPTFILTER$,31688,31696
I_METAPATHMAP$,31696,31704
I_METAFILTER$,31704,31712
METANAMETRANS$,31712,31720
I_METANAMETRANS1$,31720,31728
METASCRIPTFILTER$,31728,31736
I_METASCRIPTFILTER1$,31736,31744
I_METANAMETRANS2$,31744,31752
I_METASCRIPTFILTER2$,31752,31760
METANAMETRANS$,31760,31768
I_METANAMETRANS1$,31768,31776
METASCRIPTFILTER$,31776,31784
I_METASCRIPTFILTER1$,31784,31792
METASCRIPTFILTER$,31792,31800
I_METASCRIPTFILTER2$,31800,31808
I_METAFILTER$,31808,31816
METASCRIPT$,31816,31824
METAPATHMAP$,31824,31832
METAFILTER$,31832,31840
METASCRIPTFILTER$,31840,31848
I_METASCRIPTFILTER1$,31848,31856
METANAMETRANS$,31856,31864
I_METANAMETRANS1$,31864,31872
I_METASCRIPTFILTER2$,31872,31880
METASCRIPTFILTER$,31880,31888
I_METASCRIPT2$,31888,31896
I_METAPATHMAP$,31896,31904
I_METASCRIPTFILTER1$,31904,31912
METASCRIPTFILTER$,31912,31920
I_METASCRIPT1$,31920,31928
I_METANAMETRANS2$,31928,31936
I_METANAMETRANS1$,31936,31944
METANAMETRANS$,31944,31952
I_METAFILTER$,31952,31960
I_METASCRIPTFILTER2$,31960,31968
SYS_LOB0000001100C00003$$,31968,31976
SYS_LOB0000001100C00003$$,31976,31984
SYS_LOB0000001100C00003$$,31984,31992
SYS_LOB0000001100C00003$$,31992,32000
SYS_LOB0000001100C00003$$,32000,32008
SYS_LOB0000001100C00003$$,32008,32016
SYS_LOB0000001100C00003$$,32016,32024
SYS_LOB0000001100C00003$$,32024,32032
SYS_LOB0000001100C00003$$,32032,32040
SYS_LOB0000001100C00003$$,32040,32048
SYS_LOB0000001100C00003$$,32048,32056
SYS_LOB0000001100C00003$$,32056,32064
SYS_LOB0000001100C00003$$,32064,32072
SYS_LOB0000001100C00003$$,32072,32080
SYS_LOB0000001100C00003$$,32080,32088
METASTYLESHEET,32088,32096
PROCEDUREINFO$,32096,32104
I_IDL_UB21,32104,32112
DEF$_TRANORDER,32112,32120
I_SETTINGS1,32120,32128
SYS_LOB0000001100C00003$$,32128,32256
SYS_LOB0000001100C00003$$,32256,32384
SYS_LOB0000001100C00003$$,32384,32512
SYS_LOB0000001100C00003$$,32512,32640
SYS_LOB0000001100C00003$$,32640,32768
SYS_LOB0000001100C00003$$,32768,32896
SYS_LOB0000001100C00003$$,32896,33024
SYS_LOB0000001100C00003$$,33024,33152
IDL_UB2$,33152,33280
SOURCE$,33280,33408
I_HH_OBJ#_COL#,33408,33416
I_HH_OBJ#_INTCOL#,33416,33424
I_H_OBJ#_COL#,33424,33432
I_HH_OBJ#_COL#,33432,33440
I_HH_OBJ#_INTCOL#,33440,33448
I_H_OBJ#_COL#,33448,33456
I_HH_OBJ#_COL#,33456,33464
I_HH_OBJ#_INTCOL#,33464,33472
HIST_HEAD$,33472,33480
HIST_HEAD$,33480,33488
I_HH_OBJ#_COL#,33488,33496
I_HH_OBJ#_INTCOL#,33496,33504
HIST_HEAD$,33504,33512
HIST_HEAD$,33512,33520
I_HH_OBJ#_INTCOL#,33520,33528
I_HH_OBJ#_COL#,33528,33536
HIST_HEAD$,33536,33544
HIST_HEAD$,33544,33552
I_H_OBJ#_COL#,33552,33560
I_HH_OBJ#_COL#,33560,33568
I_HH_OBJ#_INTCOL#,33568,33576
OID$,33576,33584
I_DEPENDENCY1,33584,33592
I_PROCEDUREINFO1,33592,33600
SETTINGS$,33600,33608
I_SYN1,33608,33616
I_SYN2,33616,33624
I_OBJ2,33624,33632
I_OBJ5,33632,33640
C_COBJ#,33640,33648
C_FILE#_BLOCK#,33648,33656
I_ACCESS1,33656,33664
IDL_UB1$,33664,33792
IDL_SB4$,33792,33920
IDL_UB2$,33920,34048
IDL_UB1$,34048,34176
SOURCE$,34176,34304
IDL_UB1$,34304,34432
IDL_UB1$,34432,34560
IDL_CHAR$,34560,34688
I_H_OBJ#_COL#,34688,34696
HIST_HEAD$,34696,34704
I_H_OBJ#_COL#,34704,34712
I_H_OBJ#_COL#,34712,34720
I_H_OBJ#_COL#,34720,34728
I_H_OBJ#_COL#,34728,34736
I_H_OBJ#_COL#,34736,34744
I_H_OBJ#_COL#,34744,34752
I_H_OBJ#_COL#,34752,34760
I_H_OBJ#_COL#,34760,34768
I_H_OBJ#_COL#,34768,34776
I_H_OBJ#_COL#,34776,34784
I_H_OBJ#_COL#,34784,34792
SQLPLUS_PRODUCT_PROFILE,34792,34800
I_COL_USAGE$,34800,34808
HIST_HEAD$,34808,34816
C_OBJ#_INTCOL#,34816,34944
C_OBJ#_INTCOL#,34944,35072
C_OBJ#_INTCOL#,35072,35200
I_H_OBJ#_COL#,35200,35328
